clase_modelo,nombre_comun,gbif_id,species,lat,lon,anio,region,comuna,zona_urbana,entorno,fuente,license,foto_url,recordedBy
jabali,Jabali,4597260793,Sus scrofa,-39.352446,-71.836708,2024.0,Araucania,Pucón,,Rural,Ciencia ciudadana (iNaturalist),http://creativecommons.org/publicdomain/zero/1.0/legalcode,https://inaturalist-open-data.s3.amazonaws.com/photos/353828920/original.jpeg,Isidora Schorr
jabali,Jabali,3705492678,Sus scrofa,-39.32601,-71.986809,2022.0,Araucania,Pucón,,Rural,Ciencia ciudadana (iNaturalist),http://creativecommons.org/publicdomain/zero/1.0/legalcode,https://inaturalist-open-data.s3.amazonaws.com/photos/180803139/original.jpeg,Isidora Schorr
jabali,Jabali,6147551763,Sus scrofa,-39.301514,-71.855871,2026.0,Araucania,Pucón,,Rural,Ciencia ciudadana (iNaturalist),http://creativecommons.org/licenses/by/4.0/legalcode,https://inaturalist-open-data.s3.amazonaws.com/photos/613942513/original.jpg,Isidora Schorr
jabali,Jabali,6147352562,Sus scrofa,-39.362848,-71.937431,2026.0,Araucania,Pucón,,Rural,Ciencia ciudadana (iNaturalist),http://creativecommons.org/licenses/by/4.0/legalcode,https://inaturalist-open-data.s3.amazonaws.com/photos/613944281/original.jpg,Isidora Schorr
jabali,Jabali,6147614387,Sus scrofa,-39.285196,-71.980511,2026.0,Araucania,Pucón,,Rural,Ciencia ciudadana (iNaturalist),http://creativecommons.org/licenses/by/4.0/legalcode,https://inaturalist-open-data.s3.amazonaws.com/photos/613944011/original.jpg,Isidora Schorr
jabali,Jabali,6178350221,Sus scrofa,-39.357588,-71.950457,2026.0,Araucania,Pucón,,Rural,Ciencia ciudadana (iNaturalist),http://creativecommons.org/licenses/by/4.0/legalcode,https://inaturalist-open-data.s3.amazonaws.com/photos/613948213/original.jpg,Isidora Schorr
jabali,Jabali,5935295466,Sus scrofa,-34.820766,-70.89856,2025.0,O'Higgins,Chimbarongo,,Rural,Ciencia ciudadana (iNaturalist),http://creativecommons.org/licenses/by/4.0/legalcode,https://inaturalist-open-data.s3.amazonaws.com/photos/588983893/original.jpg,Samuel Gonzalez Ariztia
jabali,Jabali,6131558770,Sus scrofa,-39.396064,-71.9028,2025.0,Araucania,Pucón,,Rural,Ciencia ciudadana (iNaturalist),http://creativecommons.org/licenses/by/4.0/legalcode,https://inaturalist-open-data.s3.amazonaws.com/photos/607548145/original.jpg,Isidora Schorr
jabali,Jabali,4925835821,Sus scrofa,-39.323077,-71.876767,2024.0,Araucania,Pucón,,Rural,Ciencia ciudadana (iNaturalist),http://creativecommons.org/licenses/by/4.0/legalcode,https://inaturalist-open-data.s3.amazonaws.com/photos/419803645/original.jpeg,Isidora Schorr
jabali,Jabali,4926101439,Sus scrofa,-39.387221,-71.883106,2024.0,Araucania,Pucón,,Rural,Ciencia ciudadana (iNaturalist),http://creativecommons.org/licenses/by/4.0/legalcode,https://inaturalist-open-data.s3.amazonaws.com/photos/419806327/original.jpeg,Isidora Schorr
jabali,Jabali,4524917973,Sus scrofa,-43.885333,-73.859855,2022.0,Aysen,Guaitecas,,Rural,Ciencia ciudadana (iNaturalist),http://creativecommons.org/licenses/by/4.0/legalcode,https://inaturalist-open-data.s3.amazonaws.com/photos/237851711/original.jpg,Arturo Velasco
jabali,Jabali,6179455818,Sus scrofa,-41.19848,-72.506777,2026.0,Los Lagos,Cochamó,,Rural,Ciencia ciudadana (iNaturalist),http://creativecommons.org/licenses/by-nc/4.0/legalcode,https://inaturalist-open-data.s3.amazonaws.com/photos/622549333/original.jpg,Francisco Castro Carmona
liebre,Liebre europea,6171239201,Lepus europaeus,-50.957142,-72.910835,2026.0,Magallanes,Torres del Paine,,Rural,Ciencia ciudadana (iNaturalist),http://creativecommons.org/publicdomain/zero/1.0/legalcode,https://inaturalist-open-data.s3.amazonaws.com/photos/618859208/original.jpg,Maura
liebre,Liebre europea,6185260384,Lepus europaeus,-50.975681,-72.879854,2026.0,Magallanes,Torres del Paine,,Rural,Ciencia ciudadana (iNaturalist),http://creativecommons.org/publicdomain/zero/1.0/legalcode,https://inaturalist-open-data.s3.amazonaws.com/photos/627628481/original.jpg,Charlie O'Brien
liebre,Liebre europea,6273244926,Lepus europaeus,-51.567828,-72.633208,2026.0,Magallanes,Natales,,Rural,Ciencia ciudadana (iNaturalist),http://creativecommons.org/publicdomain/zero/1.0/legalcode,https://inaturalist-open-data.s3.amazonaws.com/photos/617585456/original.jpg,Charlie O'Brien
liebre,Liebre europea,4006598198,Lepus europaeus,-50.942326,-73.406788,2019.0,Magallanes,Torres del Paine,,Rural,Ciencia ciudadana (iNaturalist),http://creativecommons.org/publicdomain/zero/1.0/legalcode,https://inaturalist-open-data.s3.amazonaws.com/photos/248432433/original.jpg,Fernando Pérez Peralta
liebre,Liebre europea,4936607741,Lepus europaeus,-51.2325,-72.979167,2018.0,Magallanes,Torres del Paine,,Rural,Ciencia ciudadana (iNaturalist),http://creativecommons.org/publicdomain/zero/1.0/legalcode,https://inaturalist-open-data.s3.amazonaws.com/photos/18238398/original.jpeg,patrickc
liebre,Liebre europea,6133159951,Lepus europaeus,-38.70152,-71.805162,2026.0,Araucania,Melipeuco,,Rural,Ciencia ciudadana (iNaturalist),http://creativecommons.org/licenses/by/4.0/legalcode,https://inaturalist-open-data.s3.amazonaws.com/photos/612595455/original.jpg,nitsuga74
liebre,Liebre europea,5932376360,Lepus europaeus,-29.543509,-71.309712,2025.0,Coquimbo,La Higuera,,Rural,Ciencia ciudadana (iNaturalist),http://creativecommons.org/licenses/by/4.0/legalcode,https://inaturalist-open-data.s3.amazonaws.com/photos/503057693/original.jpeg,ignacio_diaz05
liebre,Liebre europea,5217378375,Lepus europaeus,-38.632633,-72.214797,2025.0,Araucania,Vilcún,,Rural,Ciencia ciudadana (iNaturalist),http://creativecommons.org/licenses/by/4.0/legalcode,https://inaturalist-open-data.s3.amazonaws.com/photos/530432917/original.jpg,nitsuga74
liebre,Liebre europea,5932475232,Lepus europaeus,-50.939614,-72.454842,2025.0,Magallanes,Torres del Paine,,Rural,Ciencia ciudadana (iNaturalist),http://creativecommons.org/licenses/by/4.0/legalcode,https://inaturalist-open-data.s3.amazonaws.com/photos/599640126/original.jpg,Viktor
liebre,Liebre europea,5935323951,Lepus europaeus,-46.845302,-72.703658,2025.0,Aysen,Cochrane,,Rural,Ciencia ciudadana (iNaturalist),http://creativecommons.org/licenses/by/4.0/legalcode,https://inaturalist-open-data.s3.amazonaws.com/photos/603111260/original.jpg,Viktor
liebre,Liebre europea,5936412267,Lepus europaeus,-46.831874,-72.684391,2025.0,Aysen,Cochrane,,Rural,Ciencia ciudadana (iNaturalist),http://creativecommons.org/licenses/by/4.0/legalcode,https://inaturalist-open-data.s3.amazonaws.com/photos/602125193/original.jpg,Viktor
liebre,Liebre europea,4512133107,Lepus europaeus,-51.117069,-72.808934,2024.0,Magallanes,Torres del Paine,,Rural,Ciencia ciudadana (iNaturalist),http://creativecommons.org/licenses/by/4.0/legalcode,https://inaturalist-open-data.s3.amazonaws.com/photos/345377360/original.jpeg,Nicolas Olejnik
rata gris,Rata gris,4901409254,Rattus norvegicus,-33.472454,-70.704446,2024.0,Metropolitana,Estación Central,Gran Santiago,Urbano,Ciencia ciudadana (iNaturalist),http://creativecommons.org/publicdomain/zero/1.0/legalcode,https://inaturalist-open-data.s3.amazonaws.com/photos/396590974/original.jpeg,NatureVort
rata gris,Rata gris,5938559503,Rattus norvegicus,-31.781788,-70.96077,2024.0,Coquimbo,Salamanca,,Rural,Ciencia ciudadana (iNaturalist),http://creativecommons.org/licenses/by/4.0/legalcode,https://inaturalist-open-data.s3.amazonaws.com/photos/367878883/original.jpg,Víctor Sarabia Sánchez
rata gris,Rata gris,4875402626,Rattus norvegicus,-36.775456,-73.074856,2024.0,Biobio,Hualpén,Gran Concepcion,Urbano,Ciencia ciudadana (iNaturalist),http://creativecommons.org/licenses/by/4.0/legalcode,https://inaturalist-open-data.s3.amazonaws.com/photos/390150897/original.jpeg,ignacio_diaz05
rata gris,Rata gris,6130967826,Rattus norvegicus,-31.882387,-70.820305,2023.0,Coquimbo,Salamanca,,Rural,Ciencia ciudadana (iNaturalist),http://creativecommons.org/licenses/by/4.0/legalcode,https://inaturalist-open-data.s3.amazonaws.com/photos/303731855/original.jpg,Víctor Sarabia Sánchez
rata gris,Rata gris,5938415657,Rattus norvegicus,-31.808347,-70.949203,2023.0,Coquimbo,Salamanca,,Rural,Ciencia ciudadana (iNaturalist),http://creativecommons.org/licenses/by/4.0/legalcode,https://inaturalist-open-data.s3.amazonaws.com/photos/337627496/original.jpg,Víctor Sarabia Sánchez
rata gris,Rata gris,3079538126,Rattus norvegicus,-33.702206,-71.202965,2021.0,Metropolitana,Melipilla,Melipilla,Urbano,Ciencia ciudadana (iNaturalist),http://creativecommons.org/licenses/by/4.0/legalcode,https://inaturalist-open-data.s3.amazonaws.com/photos/114686883/original.jpeg,Darío De la Fuente
rata gris,Rata gris,3079564975,Rattus norvegicus,-33.785833,-71.2425,2020.0,Metropolitana,Melipilla,,Rural,Ciencia ciudadana (iNaturalist),http://creativecommons.org/licenses/by/4.0/legalcode,https://inaturalist-open-data.s3.amazonaws.com/photos/96657358/original.jpeg,Darío De la Fuente
rata gris,Rata gris,6159535191,Rattus norvegicus,-43.128967,-74.009789,2026.0,Los Lagos,Quellón,,Rural,Ciencia ciudadana (iNaturalist),http://creativecommons.org/licenses/by-nc/4.0/legalcode,https://inaturalist-open-data.s3.amazonaws.com/photos/616078650/original.jpg,morganharr
rata gris,Rata gris,6178943805,Rattus norvegicus,-34.035556,-71.098098,2026.0,Metropolitana,Alhué,,Rural,Ciencia ciudadana (iNaturalist),http://creativecommons.org/licenses/by-nc/4.0/legalcode,https://inaturalist-open-data.s3.amazonaws.com/photos/617604944/original.jpg,Camila Consuelo González Bravo
rata gris,Rata gris,6413581646,Rattus norvegicus,-33.640623,-78.832642,2026.0,Nuble,Cobquecura,,Rural,Ciencia ciudadana (iNaturalist),http://creativecommons.org/licenses/by-nc/4.0/legalcode,https://inaturalist-open-data.s3.amazonaws.com/photos/668535379/original.jpg,navareaxv
rata gris,Rata gris,6431035926,Rattus norvegicus,-29.985014,-71.365754,2026.0,Coquimbo,Coquimbo,Gran La Serena,Urbano,Ciencia ciudadana (iNaturalist),http://creativecommons.org/licenses/by-nc/4.0/legalcode,https://inaturalist-open-data.s3.amazonaws.com/photos/690596691/original.jpg,By.Ulises
rata gris,Rata gris,5063570475,Rattus norvegicus,-33.030612,-71.54069,2025.0,Valparaiso,Viña del Mar,Gran Valparaiso,Urbano,Ciencia ciudadana (iNaturalist),http://creativecommons.org/licenses/by-nc/4.0/legalcode,https://inaturalist-open-data.s3.amazonaws.com/photos/466777121/original.jpg,milenamm
