key,speciesKey,species,scientificName,decimalLatitude,decimalLongitude,coordinateUncertaintyInMeters,eventDate,year,month,day,stateProvince,locality,basisOfRecord,occurrenceStatus,institutionCode,collectionCode,datasetName,datasetKey,license,recordedBy,individualCount,lifeStage,foto_url,n_fotos,clase_modelo
6159535191,2439261,Rattus norvegicus,"Rattus norvegicus (Berkenhout, 1769)",-43.128967,-74.009789,9.0,2026-02-05T18:31:16,2026.0,2.0,5.0,Los Lagos,,HUMAN_OBSERVATION,PRESENT,iNaturalist,Observations,iNaturalist research-grade observations,50c9509d-22c7-4a22-a47d-8c48425ef4a7,http://creativecommons.org/licenses/by-nc/4.0/legalcode,morganharr,,,https://inaturalist-open-data.s3.amazonaws.com/photos/616078650/original.jpg,4,rata_gris
6178943805,2439261,Rattus norvegicus,"Rattus norvegicus (Berkenhout, 1769)",-34.035556,-71.098098,35.0,2026-02-17T13:09:36,2026.0,2.0,17.0,Región Metropolitana de Santiago,,HUMAN_OBSERVATION,PRESENT,iNaturalist,Observations,iNaturalist research-grade observations,50c9509d-22c7-4a22-a47d-8c48425ef4a7,http://creativecommons.org/licenses/by-nc/4.0/legalcode,Camila Consuelo González Bravo,,Adult,https://inaturalist-open-data.s3.amazonaws.com/photos/617604944/original.jpg,4,rata_gris
6413581646,2439261,Rattus norvegicus,"Rattus norvegicus (Berkenhout, 1769)",-33.640623,-78.832642,511.0,2026-05-17T12:10:54,2026.0,5.0,17.0,Valparaíso,,HUMAN_OBSERVATION,PRESENT,iNaturalist,Observations,iNaturalist research-grade observations,50c9509d-22c7-4a22-a47d-8c48425ef4a7,http://creativecommons.org/licenses/by-nc/4.0/legalcode,navareaxv,,Adult,https://inaturalist-open-data.s3.amazonaws.com/photos/668535379/original.jpg,1,rata_gris
6431035926,2439261,Rattus norvegicus,"Rattus norvegicus (Berkenhout, 1769)",-29.985014,-71.365754,29433.0,2026-07-02T16:59,2026.0,7.0,2.0,Coquimbo,,HUMAN_OBSERVATION,PRESENT,iNaturalist,Observations,iNaturalist research-grade observations,50c9509d-22c7-4a22-a47d-8c48425ef4a7,http://creativecommons.org/licenses/by-nc/4.0/legalcode,By.Ulises,,,https://inaturalist-open-data.s3.amazonaws.com/photos/690596691/original.jpg,1,rata_gris
5063570475,2439261,Rattus norvegicus,"Rattus norvegicus (Berkenhout, 1769)",-33.030612,-71.54069,95.0,2025-01-29T12:54:54,2025.0,1.0,29.0,Valparaíso,,HUMAN_OBSERVATION,PRESENT,iNaturalist,Observations,iNaturalist research-grade observations,50c9509d-22c7-4a22-a47d-8c48425ef4a7,http://creativecommons.org/licenses/by-nc/4.0/legalcode,milenamm,,,https://inaturalist-open-data.s3.amazonaws.com/photos/466777121/original.jpg,1,rata_gris
5140612289,2439261,Rattus norvegicus,"Rattus norvegicus (Berkenhout, 1769)",-33.413892,-70.620709,,2025-04-26T11:22,2025.0,4.0,26.0,Región Metropolitana de Santiago,,HUMAN_OBSERVATION,PRESENT,iNaturalist,Observations,iNaturalist research-grade observations,50c9509d-22c7-4a22-a47d-8c48425ef4a7,http://creativecommons.org/licenses/by-nc/4.0/legalcode,Ariel Cabrera Foix,,,https://inaturalist-open-data.s3.amazonaws.com/photos/493899942/original.jpg,1,rata_gris
5153800202,2439261,Rattus norvegicus,"Rattus norvegicus (Berkenhout, 1769)",-36.816377,-72.771501,,2025-04-30T10:56:26,2025.0,4.0,30.0,Bío-Bío,,HUMAN_OBSERVATION,PRESENT,iNaturalist,Observations,iNaturalist research-grade observations,50c9509d-22c7-4a22-a47d-8c48425ef4a7,http://creativecommons.org/licenses/by-nc/4.0/legalcode,Phyllis Tebbs Carrasco,,Juvenile,https://inaturalist-open-data.s3.amazonaws.com/photos/497448348/original.jpeg,3,rata_gris
5230548190,2439261,Rattus norvegicus,"Rattus norvegicus (Berkenhout, 1769)",-33.540892,-70.812885,,2025-07-20T12:26,2025.0,7.0,20.0,Región Metropolitana de Santiago,,HUMAN_OBSERVATION,PRESENT,iNaturalist,Observations,iNaturalist research-grade observations,50c9509d-22c7-4a22-a47d-8c48425ef4a7,http://creativecommons.org/licenses/by-nc/4.0/legalcode,Axel Basaure Cornejo,,,https://inaturalist-open-data.s3.amazonaws.com/photos/539948731/original.jpg,1,rata_gris
5909278852,2439261,Rattus norvegicus,"Rattus norvegicus (Berkenhout, 1769)",-36.766827,-73.160116,100.0,2025-08-03T11:55,2025.0,8.0,3.0,Bío-Bío,,HUMAN_OBSERVATION,PRESENT,iNaturalist,Observations,iNaturalist research-grade observations,50c9509d-22c7-4a22-a47d-8c48425ef4a7,http://creativecommons.org/licenses/by-nc/4.0/legalcode,Felipe I. Torres,,,https://inaturalist-open-data.s3.amazonaws.com/photos/547938329/original.jpg,7,rata_gris
5903857332,2439261,Rattus norvegicus,"Rattus norvegicus (Berkenhout, 1769)",-36.74437,-72.475693,49.0,2025-11-19T19:40,2025.0,11.0,19.0,Bío-Bío,,HUMAN_OBSERVATION,PRESENT,iNaturalist,Observations,iNaturalist research-grade observations,50c9509d-22c7-4a22-a47d-8c48425ef4a7,http://creativecommons.org/licenses/by-nc/4.0/legalcode,bastianuz,,,https://inaturalist-open-data.s3.amazonaws.com/photos/592980333/original.jpg,1,rata_gris
5920057264,2439261,Rattus norvegicus,"Rattus norvegicus (Berkenhout, 1769)",-39.807297,-73.206047,6.0,2025-11-29T15:50:31,2025.0,11.0,29.0,Los Ríos,,HUMAN_OBSERVATION,PRESENT,iNaturalist,Observations,iNaturalist research-grade observations,50c9509d-22c7-4a22-a47d-8c48425ef4a7,http://creativecommons.org/licenses/by-nc/4.0/legalcode,Pablo Silva,,,https://inaturalist-open-data.s3.amazonaws.com/photos/596256061/original.jpg,2,rata_gris
6179415881,2439261,Rattus norvegicus,"Rattus norvegicus (Berkenhout, 1769)",-36.834709,-73.037296,25.0,2025-11-27T19:51:33,2025.0,11.0,27.0,Bío-Bío,,HUMAN_OBSERVATION,PRESENT,iNaturalist,Observations,iNaturalist research-grade observations,50c9509d-22c7-4a22-a47d-8c48425ef4a7,http://creativecommons.org/licenses/by-nc/4.0/legalcode,gabriela_ferrada,,,https://inaturalist-open-data.s3.amazonaws.com/photos/624398185/original.jpg,1,rata_gris
4900940264,2439261,Rattus norvegicus,"Rattus norvegicus (Berkenhout, 1769)",-37.39092,-72.293799,871.0,2024-02-17T23:32,2024.0,2.0,17.0,Bío-Bío,,HUMAN_OBSERVATION,PRESENT,iNaturalist,Observations,iNaturalist research-grade observations,50c9509d-22c7-4a22-a47d-8c48425ef4a7,http://creativecommons.org/licenses/by-nc/4.0/legalcode,Juan Pablo Herrera,,,https://inaturalist-open-data.s3.amazonaws.com/photos/384247443/original.jpeg,1,rata_gris
4954373442,2439261,Rattus norvegicus,"Rattus norvegicus (Berkenhout, 1769)",-32.229939,-71.507257,66.0,2024-02-27T11:44:45,2024.0,2.0,27.0,Valparaíso,,HUMAN_OBSERVATION,PRESENT,iNaturalist,Observations,iNaturalist research-grade observations,50c9509d-22c7-4a22-a47d-8c48425ef4a7,http://creativecommons.org/licenses/by-nc/4.0/legalcode,Gabriela Cartes,,,https://inaturalist-open-data.s3.amazonaws.com/photos/354071064/original.jpg,3,rata_gris
4901437544,2439261,Rattus norvegicus,"Rattus norvegicus (Berkenhout, 1769)",-36.821717,-73.041686,10.0,2024-03-01T10:29:54,2024.0,3.0,1.0,Bío-Bío,,HUMAN_OBSERVATION,PRESENT,iNaturalist,Observations,iNaturalist research-grade observations,50c9509d-22c7-4a22-a47d-8c48425ef4a7,http://creativecommons.org/licenses/by-nc/4.0/legalcode,Javiera Salazar Figueroa,,,https://inaturalist-open-data.s3.amazonaws.com/photos/354545609/original.jpg,1,rata_gris
4901751346,2439261,Rattus norvegicus,"Rattus norvegicus (Berkenhout, 1769)",-33.73359,-70.316106,10.0,2024-03-30T20:22:43,2024.0,3.0,30.0,Región Metropolitana de Santiago,,HUMAN_OBSERVATION,PRESENT,iNaturalist,Observations,iNaturalist research-grade observations,50c9509d-22c7-4a22-a47d-8c48425ef4a7,http://creativecommons.org/licenses/by-nc/4.0/legalcode,cami_quiroz_lambert,,,https://inaturalist-open-data.s3.amazonaws.com/photos/361758186/original.jpg,1,rata_gris
4901061227,2439261,Rattus norvegicus,"Rattus norvegicus (Berkenhout, 1769)",-36.828455,-73.036986,18.0,2024-04-01T09:49:32,2024.0,4.0,1.0,Bío-Bío,,HUMAN_OBSERVATION,PRESENT,iNaturalist,Observations,iNaturalist research-grade observations,50c9509d-22c7-4a22-a47d-8c48425ef4a7,http://creativecommons.org/licenses/by-nc/4.0/legalcode,Javiera Salazar Figueroa,,,https://inaturalist-open-data.s3.amazonaws.com/photos/362442527/original.jpg,1,rata_gris
5938559503,2439261,Rattus norvegicus,"Rattus norvegicus (Berkenhout, 1769)",-31.781788,-70.96077,35.0,2024-04-18T12:14:58,2024.0,4.0,18.0,Coquimbo,,HUMAN_OBSERVATION,PRESENT,iNaturalist,Observations,iNaturalist research-grade observations,50c9509d-22c7-4a22-a47d-8c48425ef4a7,http://creativecommons.org/licenses/by/4.0/legalcode,Víctor Sarabia Sánchez,,,https://inaturalist-open-data.s3.amazonaws.com/photos/367878883/original.jpg,1,rata_gris
4875402626,2439261,Rattus norvegicus,"Rattus norvegicus (Berkenhout, 1769)",-36.775456,-73.074856,2.0,2024-05-30T14:54,2024.0,5.0,30.0,Bío-Bío,,HUMAN_OBSERVATION,PRESENT,iNaturalist,Observations,iNaturalist research-grade observations,50c9509d-22c7-4a22-a47d-8c48425ef4a7,http://creativecommons.org/licenses/by/4.0/legalcode,ignacio_diaz05,,,https://inaturalist-open-data.s3.amazonaws.com/photos/390150897/original.jpeg,2,rata_gris
4901409254,2439261,Rattus norvegicus,"Rattus norvegicus (Berkenhout, 1769)",-33.472454,-70.704446,4.0,2024-06-19T13:33:41,2024.0,6.0,19.0,Región Metropolitana de Santiago,,HUMAN_OBSERVATION,PRESENT,iNaturalist,Observations,iNaturalist research-grade observations,50c9509d-22c7-4a22-a47d-8c48425ef4a7,http://creativecommons.org/publicdomain/zero/1.0/legalcode,NatureVort,,,https://inaturalist-open-data.s3.amazonaws.com/photos/396590974/original.jpeg,2,rata_gris
6391489730,2439261,Rattus norvegicus,"Rattus norvegicus (Berkenhout, 1769)",-22.430815,-69.487877,,2024-07-17,2024.0,7.0,17.0,Antofagasta,No registrada,MACHINE_OBSERVATION,PRESENT,CNX,,KIM753_A2_BD_Fauna_Integrada,404482d2-574b-402e-b120-0445a4241c45,http://creativecommons.org/licenses/by-nc/4.0/legalcode,CMP,1.0,,,0,rata_gris
6391492348,2439261,Rattus norvegicus,"Rattus norvegicus (Berkenhout, 1769)",-22.430815,-69.487877,,2024-07-17,2024.0,7.0,17.0,Antofagasta,No registrada,MACHINE_OBSERVATION,PRESENT,CNX,,KIM753_A2_BD_Fauna_Integrada,404482d2-574b-402e-b120-0445a4241c45,http://creativecommons.org/licenses/by-nc/4.0/legalcode,CMP,1.0,,,0,rata_gris
6391496746,2439261,Rattus norvegicus,"Rattus norvegicus (Berkenhout, 1769)",-22.430815,-69.487877,,2024-07-17,2024.0,7.0,17.0,Antofagasta,No registrada,MACHINE_OBSERVATION,PRESENT,CNX,,KIM753_A2_BD_Fauna_Integrada,404482d2-574b-402e-b120-0445a4241c45,http://creativecommons.org/licenses/by-nc/4.0/legalcode,CMP,1.0,,,0,rata_gris
6391498666,2439261,Rattus norvegicus,"Rattus norvegicus (Berkenhout, 1769)",-32.793909,-70.904696,,2024-11-14,2024.0,11.0,14.0,Valparaiso,No registrada,HUMAN_OBSERVATION,PRESENT,CNX,,KIM753_A2_BD_Fauna_Integrada,404482d2-574b-402e-b120-0445a4241c45,http://creativecommons.org/licenses/by-nc/4.0/legalcode,CV-FD,1.0,,,0,rata_gris
6391504538,2439261,Rattus norvegicus,"Rattus norvegicus (Berkenhout, 1769)",-32.795329,-70.903221,,2024-11-14,2024.0,11.0,14.0,Valparaiso,No registrada,HUMAN_OBSERVATION,PRESENT,CNX,,KIM753_A2_BD_Fauna_Integrada,404482d2-574b-402e-b120-0445a4241c45,http://creativecommons.org/licenses/by-nc/4.0/legalcode,CV-FD,1.0,,,0,rata_gris
6391508068,2439261,Rattus norvegicus,"Rattus norvegicus (Berkenhout, 1769)",-22.433676,-69.482824,,2024-11-15,2024.0,11.0,15.0,Antofagasta,No registrada,HUMAN_OBSERVATION,PRESENT,CNX,,KIM753_A2_BD_Fauna_Integrada,404482d2-574b-402e-b120-0445a4241c45,http://creativecommons.org/licenses/by-nc/4.0/legalcode,VV-AV,1.0,,,0,rata_gris
5840169106,2439261,Rattus norvegicus,"Rattus norvegicus (Berkenhout, 1769)",-42.7452,-73.970958,488.0,2023-01-20T16:56,2023.0,1.0,20.0,Los Lagos,,HUMAN_OBSERVATION,PRESENT,iNaturalist,Observations,iNaturalist research-grade observations,50c9509d-22c7-4a22-a47d-8c48425ef4a7,http://creativecommons.org/licenses/by-nc/4.0/legalcode,Manuel Alejandro Henríquez,,,https://inaturalist-open-data.s3.amazonaws.com/photos/574835939/original.jpg,3,rata_gris
4867776940,2439261,Rattus norvegicus,"Rattus norvegicus (Berkenhout, 1769)",-29.571791,-71.294571,1654.0,2023-04-04T08:54,2023.0,4.0,4.0,Coquimbo,,HUMAN_OBSERVATION,PRESENT,iNaturalist,Observations,iNaturalist research-grade observations,50c9509d-22c7-4a22-a47d-8c48425ef4a7,http://creativecommons.org/licenses/by-nc/4.0/legalcode,jachatata,,,https://inaturalist-open-data.s3.amazonaws.com/photos/349055215/original.jpg,1,rata_gris
4420925520,2439261,Rattus norvegicus,"Rattus norvegicus (Berkenhout, 1769)",-33.529563,-70.79322,1162.0,2023-05-15T17:10,2023.0,5.0,15.0,Región Metropolitana de Santiago,,HUMAN_OBSERVATION,PRESENT,iNaturalist,Observations,iNaturalist research-grade observations,50c9509d-22c7-4a22-a47d-8c48425ef4a7,http://creativecommons.org/licenses/by-nc/4.0/legalcode,Hugo Muñoz-Quintana,,,https://inaturalist-open-data.s3.amazonaws.com/photos/280095609/original.jpeg,2,rata_gris
4867835443,2439261,Rattus norvegicus,"Rattus norvegicus (Berkenhout, 1769)",-29.571791,-71.294571,1654.0,2023-05-05T08:48,2023.0,5.0,5.0,Coquimbo,,HUMAN_OBSERVATION,PRESENT,iNaturalist,Observations,iNaturalist research-grade observations,50c9509d-22c7-4a22-a47d-8c48425ef4a7,http://creativecommons.org/licenses/by-nc/4.0/legalcode,jachatata,,,https://inaturalist-open-data.s3.amazonaws.com/photos/349175491/original.jpg,3,rata_gris
4868017419,2439261,Rattus norvegicus,"Rattus norvegicus (Berkenhout, 1769)",-29.571791,-71.294571,1654.0,2023-06-13T08:03,2023.0,6.0,13.0,Coquimbo,,HUMAN_OBSERVATION,PRESENT,iNaturalist,Observations,iNaturalist research-grade observations,50c9509d-22c7-4a22-a47d-8c48425ef4a7,http://creativecommons.org/licenses/by-nc/4.0/legalcode,jachatata,,,https://inaturalist-open-data.s3.amazonaws.com/photos/349750216/original.jpg,1,rata_gris
4153656309,2439261,Rattus norvegicus,"Rattus norvegicus (Berkenhout, 1769)",-22.459736,-68.862959,8.0,2023-07-05T17:50:30,2023.0,7.0,5.0,Antofagasta,,HUMAN_OBSERVATION,PRESENT,iNaturalist,Observations,iNaturalist research-grade observations,50c9509d-22c7-4a22-a47d-8c48425ef4a7,http://creativecommons.org/licenses/by-nc/4.0/legalcode,Ariel Cabrera Foix,,,https://inaturalist-open-data.s3.amazonaws.com/photos/297209741/original.jpeg,2,rata_gris
4176920616,2439261,Rattus norvegicus,"Rattus norvegicus (Berkenhout, 1769)",-31.811585,-70.567493,1372.0,2023-07-09T09:39:55,2023.0,7.0,9.0,Coquimbo,,HUMAN_OBSERVATION,PRESENT,iNaturalist,Observations,iNaturalist research-grade observations,50c9509d-22c7-4a22-a47d-8c48425ef4a7,http://creativecommons.org/licenses/by-nc/4.0/legalcode,ignaciolagos,,,https://inaturalist-open-data.s3.amazonaws.com/photos/298431375/original.jpg,3,rata_gris
6130967826,2439261,Rattus norvegicus,"Rattus norvegicus (Berkenhout, 1769)",-31.882387,-70.820305,16.0,2023-07-24T17:55:30,2023.0,7.0,24.0,Coquimbo,,HUMAN_OBSERVATION,PRESENT,iNaturalist,Observations,iNaturalist research-grade observations,50c9509d-22c7-4a22-a47d-8c48425ef4a7,http://creativecommons.org/licenses/by/4.0/legalcode,Víctor Sarabia Sánchez,,,https://inaturalist-open-data.s3.amazonaws.com/photos/303731855/original.jpg,1,rata_gris
4420759947,2439261,Rattus norvegicus,"Rattus norvegicus (Berkenhout, 1769)",-29.965206,-71.348244,,2023-09-27T11:02:12,2023.0,9.0,27.0,Coquimbo,,HUMAN_OBSERVATION,PRESENT,iNaturalist,Observations,iNaturalist research-grade observations,50c9509d-22c7-4a22-a47d-8c48425ef4a7,http://creativecommons.org/licenses/by-nc/4.0/legalcode,benjabarrera,,,https://inaturalist-open-data.s3.amazonaws.com/photos/323399603/original.jpeg,4,rata_gris
4901046595,2439261,Rattus norvegicus,"Rattus norvegicus (Berkenhout, 1769)",-39.233575,-72.196595,49.0,2023-09-29T17:12:09,2023.0,9.0,29.0,Araucanía,,HUMAN_OBSERVATION,PRESENT,iNaturalist,Observations,iNaturalist research-grade observations,50c9509d-22c7-4a22-a47d-8c48425ef4a7,http://creativecommons.org/licenses/by-nc/4.0/legalcode,solbercovich,,,https://inaturalist-open-data.s3.amazonaws.com/photos/334588290/original.jpg,4,rata_gris
4901905493,2439261,Rattus norvegicus,"Rattus norvegicus (Berkenhout, 1769)",-35.644719,-71.581353,5583.0,2023-09-13T09:39,2023.0,9.0,13.0,Maule,,HUMAN_OBSERVATION,PRESENT,iNaturalist,Observations,iNaturalist research-grade observations,50c9509d-22c7-4a22-a47d-8c48425ef4a7,http://creativecommons.org/licenses/by-nc/4.0/legalcode,Benjamin Gallardo,,,https://inaturalist-open-data.s3.amazonaws.com/photos/338950627/original.jpg,1,rata_gris
4430654458,2439261,Rattus norvegicus,"Rattus norvegicus (Berkenhout, 1769)",-33.044675,-71.50139,105.0,2023-10-08T16:44:05,2023.0,10.0,8.0,Valparaíso,,HUMAN_OBSERVATION,PRESENT,iNaturalist,Observations,iNaturalist research-grade observations,50c9509d-22c7-4a22-a47d-8c48425ef4a7,http://creativecommons.org/licenses/by-nc/4.0/legalcode,Macarena,,,https://inaturalist-open-data.s3.amazonaws.com/photos/328320989/original.jpeg,1,rata_gris
4901434936,2439261,Rattus norvegicus,"Rattus norvegicus (Berkenhout, 1769)",-41.338827,-72.985522,4038.0,2023-11-21T13:45:15,2023.0,11.0,21.0,Los Lagos,,HUMAN_OBSERVATION,PRESENT,iNaturalist,Observations,iNaturalist research-grade observations,50c9509d-22c7-4a22-a47d-8c48425ef4a7,http://creativecommons.org/licenses/by-nc/4.0/legalcode,Fabian Klimm,,,https://inaturalist-open-data.s3.amazonaws.com/photos/336335492/original.jpeg,3,rata_gris
5938415657,2439261,Rattus norvegicus,"Rattus norvegicus (Berkenhout, 1769)",-31.808347,-70.949203,60.0,2023-11-26T08:37:13,2023.0,11.0,26.0,Coquimbo,,HUMAN_OBSERVATION,PRESENT,iNaturalist,Observations,iNaturalist research-grade observations,50c9509d-22c7-4a22-a47d-8c48425ef4a7,http://creativecommons.org/licenses/by/4.0/legalcode,Víctor Sarabia Sánchez,,,https://inaturalist-open-data.s3.amazonaws.com/photos/337627496/original.jpg,1,rata_gris
4145641427,2439261,Rattus norvegicus,"Rattus norvegicus (Berkenhout, 1769)",-39.81999,-73.234475,202.0,2022-04-29T15:32:37,2022.0,4.0,29.0,Los Ríos,,HUMAN_OBSERVATION,PRESENT,iNaturalist,Observations,iNaturalist research-grade observations,50c9509d-22c7-4a22-a47d-8c48425ef4a7,http://creativecommons.org/licenses/by-nc/4.0/legalcode,Pablo Silva,,,https://inaturalist-open-data.s3.amazonaws.com/photos/191953588/original.jpeg,1,rata_gris
6195075304,2439261,Rattus norvegicus,"Rattus norvegicus (Berkenhout, 1769)",-32.796327,-71.17679,,2022-08-04,2022.0,8.0,4.0,,,MATERIAL_SAMPLE,PRESENT,,,,257323b3-7c99-4f37-9591-4f9bb0760b54,http://creativecommons.org/licenses/by/4.0/legalcode,Anglo American,,,,0,rata_gris
6195075352,2439261,Rattus norvegicus,"Rattus norvegicus (Berkenhout, 1769)",-32.779667,-71.199677,,2022-08-04,2022.0,8.0,4.0,,,MATERIAL_SAMPLE,PRESENT,,,,257323b3-7c99-4f37-9591-4f9bb0760b54,http://creativecommons.org/licenses/by/4.0/legalcode,Anglo American,,,,0,rata_gris
3032114766,2439261,Rattus norvegicus,"Rattus norvegicus (Berkenhout, 1769)",-42.497794,-73.825889,4.0,2021-01-24T19:02,2021.0,1.0,24.0,Los Lagos,,HUMAN_OBSERVATION,PRESENT,iNaturalist,Observations,iNaturalist research-grade observations,50c9509d-22c7-4a22-a47d-8c48425ef4a7,http://creativecommons.org/licenses/by-nc/4.0/legalcode,martinoli,,,https://inaturalist-open-data.s3.amazonaws.com/photos/111084126/original.jpg,3,rata_gris
3079538126,2439261,Rattus norvegicus,"Rattus norvegicus (Berkenhout, 1769)",-33.702206,-71.202965,,2021-02-13T17:56:06,2021.0,2.0,13.0,Región Metropolitana de Santiago,,HUMAN_OBSERVATION,PRESENT,iNaturalist,Observations,iNaturalist research-grade observations,50c9509d-22c7-4a22-a47d-8c48425ef4a7,http://creativecommons.org/licenses/by/4.0/legalcode,Darío De la Fuente,,Adult,https://inaturalist-open-data.s3.amazonaws.com/photos/114686883/original.jpeg,1,rata_gris
3079564975,2439261,Rattus norvegicus,"Rattus norvegicus (Berkenhout, 1769)",-33.785833,-71.2425,,2020-03-09T12:33:48,2020.0,3.0,9.0,Región Metropolitana de Santiago,,HUMAN_OBSERVATION,PRESENT,iNaturalist,Observations,iNaturalist research-grade observations,50c9509d-22c7-4a22-a47d-8c48425ef4a7,http://creativecommons.org/licenses/by/4.0/legalcode,Darío De la Fuente,,,https://inaturalist-open-data.s3.amazonaws.com/photos/96657358/original.jpeg,1,rata_gris
2873861556,2439261,Rattus norvegicus,"Rattus norvegicus (Berkenhout, 1769)",-33.953366,-71.044309,34.0,2020-09-29T20:09:39,2020.0,9.0,29.0,Región Metropolitana de Santiago,,HUMAN_OBSERVATION,PRESENT,iNaturalist,Observations,iNaturalist research-grade observations,50c9509d-22c7-4a22-a47d-8c48425ef4a7,http://creativecommons.org/licenses/by-nc/4.0/legalcode,Pablo Pinto,,,https://inaturalist-open-data.s3.amazonaws.com/photos/98096693/original.jpeg,1,rata_gris
3314159166,2439261,Rattus norvegicus,"Rattus norvegicus (Berkenhout, 1769)",-36.849326,-73.114268,192.0,2019-06-22T16:18Z,2019.0,6.0,22.0,Bío-Bío,,HUMAN_OBSERVATION,PRESENT,iNaturalist,Observations,iNaturalist research-grade observations,50c9509d-22c7-4a22-a47d-8c48425ef4a7,http://creativecommons.org/licenses/by-nc/4.0/legalcode,Paola Salazar,,,https://inaturalist-open-data.s3.amazonaws.com/photos/138062902/original.jpeg,1,rata_gris
3989369902,2439261,Rattus norvegicus,"Rattus norvegicus (Berkenhout, 1769)",-19.006035,-69.823457,10.0,2013-03-22,2013.0,3.0,22.0,Arica y Parinacota,Camarones,HUMAN_OBSERVATION,PRESENT,Universidad de Chile,,Estudio de la biodiversidad de Arica y Parinacota,16c3a9d0-89ca-48dc-9a43-cdd80a3c355a,http://creativecommons.org/licenses/by/4.0/legalcode,Universidad de Chile,,,,0,rata_gris
3989369908,2439261,Rattus norvegicus,"Rattus norvegicus (Berkenhout, 1769)",-18.417607,-70.110306,10.0,2013-03-26,2013.0,3.0,26.0,Arica y Parinacota,Rosario,HUMAN_OBSERVATION,PRESENT,Universidad de Chile,,Estudio de la biodiversidad de Arica y Parinacota,16c3a9d0-89ca-48dc-9a43-cdd80a3c355a,http://creativecommons.org/licenses/by/4.0/legalcode,Universidad de Chile,,,,0,rata_gris
3989369904,2439261,Rattus norvegicus,"Rattus norvegicus (Berkenhout, 1769)",-19.004551,-69.825768,10.0,2012-10-05,2012.0,10.0,5.0,Arica y Parinacota,Camarones,HUMAN_OBSERVATION,PRESENT,Universidad de Chile,,Estudio de la biodiversidad de Arica y Parinacota,16c3a9d0-89ca-48dc-9a43-cdd80a3c355a,http://creativecommons.org/licenses/by/4.0/legalcode,Universidad de Chile,,,,0,rata_gris
3989369906,2439261,Rattus norvegicus,"Rattus norvegicus (Berkenhout, 1769)",-19.000652,-69.82877,10.0,2012-10-04,2012.0,10.0,4.0,Arica y Parinacota,Camarones,HUMAN_OBSERVATION,PRESENT,Universidad de Chile,,Estudio de la biodiversidad de Arica y Parinacota,16c3a9d0-89ca-48dc-9a43-cdd80a3c355a,http://creativecommons.org/licenses/by/4.0/legalcode,Universidad de Chile,,,,0,rata_gris
3989369910,2439261,Rattus norvegicus,"Rattus norvegicus (Berkenhout, 1769)",-18.417607,-70.110306,10.0,2012-10-02,2012.0,10.0,2.0,Arica y Parinacota,Rosario,HUMAN_OBSERVATION,PRESENT,Universidad de Chile,,Estudio de la biodiversidad de Arica y Parinacota,16c3a9d0-89ca-48dc-9a43-cdd80a3c355a,http://creativecommons.org/licenses/by/4.0/legalcode,Universidad de Chile,,,,0,rata_gris
4936185526,2439261,Rattus norvegicus,"Rattus norvegicus (Berkenhout, 1769)",-32.938142,-71.029056,1579.0,2010-10-31,2010.0,10.0,31.0,Región Metropolitana de Santiago,,HUMAN_OBSERVATION,PRESENT,iNaturalist,Observations,iNaturalist research-grade observations,50c9509d-22c7-4a22-a47d-8c48425ef4a7,http://creativecommons.org/licenses/by-nc/4.0/legalcode,Cesar Ormazabal,,,https://inaturalist-open-data.s3.amazonaws.com/photos/275678944/original.jpeg,2,rata_gris
5099615478,2439261,Rattus norvegicus,"Rattus norvegicus (Berkenhout, 1769)",-33.403617,-70.48355,,2009-03-31,2009.0,3.0,31.0,Santiago Metropolitan,"San Carlos de Apoquindo; Web 1, Santiago",PRESERVED_SPECIMEN,PRESENT,MSB,Mammalogy,,b15d4952-7d20-46f1-8a3e-556a512b04c5,http://creativecommons.org/publicdomain/zero/1.0/legalcode,Collector(s): Chile Hantavirus Project,,,,0,rata_gris
5099602654,2439261,Rattus norvegicus,"Rattus norvegicus (Berkenhout, 1769)",-37.341931,-72.932483,,2009-07-09,2009.0,7.0,9.0,Bio-Bio,"SR1, Santa Juana",PRESERVED_SPECIMEN,PRESENT,MSB,Mammalogy,,b15d4952-7d20-46f1-8a3e-556a512b04c5,http://creativecommons.org/publicdomain/zero/1.0/legalcode,Collector(s): Chile Hantavirus Project,,,,0,rata_gris
5099608308,2439261,Rattus norvegicus,"Rattus norvegicus (Berkenhout, 1769)",-37.341931,-72.932483,,2009-07-05,2009.0,7.0,5.0,,"Bio-Bio Concepcion, SR1 Santa Juana",PRESERVED_SPECIMEN,PRESENT,MSB,Mammalogy,,b15d4952-7d20-46f1-8a3e-556a512b04c5,http://creativecommons.org/publicdomain/zero/1.0/legalcode,Collector(s): Chile Hantavirus Project,,,,0,rata_gris
3989369963,2439261,Rattus norvegicus,"Rattus norvegicus (Berkenhout, 1769)",-18.8,-70.166667,2558.0,2009-10,2009.0,10.0,,Arica y Parinacota,Valle de Chaca,MATERIAL_CITATION,PRESENT,AvesChile,,Estudio de la biodiversidad de Arica y Parinacota,16c3a9d0-89ca-48dc-9a43-cdd80a3c355a,http://creativecommons.org/licenses/by/4.0/legalcode,,,,,0,rata_gris
4872131863,2439261,Rattus norvegicus,"Rattus norvegicus (Berkenhout, 1769)",-42.477949,-73.759875,152.0,2009-11-24T17:14,2009.0,11.0,24.0,Los Lagos,,HUMAN_OBSERVATION,PRESENT,iNaturalist,Observations,iNaturalist research-grade observations,50c9509d-22c7-4a22-a47d-8c48425ef4a7,http://creativecommons.org/licenses/by-nc/4.0/legalcode,Jérémy Calvo,,,,0,rata_gris
6133288691,2439261,Rattus norvegicus,"Rattus norvegicus (Berkenhout, 1769)",-42.478075,-73.760196,269.0,2009-11-24T14:14,2009.0,11.0,24.0,Los Lagos,,HUMAN_OBSERVATION,PRESENT,iNaturalist,Observations,iNaturalist research-grade observations,50c9509d-22c7-4a22-a47d-8c48425ef4a7,http://creativecommons.org/licenses/by-nc/4.0/legalcode,Jérémy Calvo,,,,0,rata_gris
5099613512,2439261,Rattus norvegicus,"Rattus norvegicus (Berkenhout, 1769)",-33.19725,-70.971417,,2009-12-03,2009.0,12.0,3.0,Santiago Metropolitan,"Colina, SR1 Altos de Chicauma",PRESERVED_SPECIMEN,PRESENT,MSB,Mammalogy,,b15d4952-7d20-46f1-8a3e-556a512b04c5,http://creativecommons.org/publicdomain/zero/1.0/legalcode,Collector(s): Chile Hantavirus Project,,,,0,rata_gris
3989369912,2439261,Rattus norvegicus,"Rattus norvegicus (Berkenhout, 1769)",-18.489906,-70.288021,10.0,2009,2009.0,,,Arica y Parinacota,Arica,MATERIAL_CITATION,PRESENT,,,Estudio de la biodiversidad de Arica y Parinacota,16c3a9d0-89ca-48dc-9a43-cdd80a3c355a,http://creativecommons.org/licenses/by/4.0/legalcode,,,,,0,rata_gris
5209098421,2439261,Rattus norvegicus,"Rattus norvegicus (Berkenhout, 1769)",-45.51667,-71.83333,,2008,2008.0,,,Aisén del Gral. Carlos Ibañez del Campo,Monumento Natural Dos Lagunas,HUMAN_OBSERVATION,PRESENT,SIBA_UMAG,Mamíferos-terrestres_literatura,"Diversidad potencial de mamíferos terrestres en el Sistema de Información en Biodiversidad para Aysén (SIB-Aysén), Chile",672f9690-c711-45fe-8e64-c582d79f5ffe,http://creativecommons.org/licenses/by-nc/4.0/legalcode,,,,,0,rata_gris
5099598226,2439261,Rattus norvegicus,"Rattus norvegicus (Berkenhout, 1769)",-30.539944,-71.169083,,2007-11-05,2007.0,11.0,5.0,Coquimbo,"Lagunillas; SR1, Limari",PRESERVED_SPECIMEN,PRESENT,MSB,Mammalogy,,b15d4952-7d20-46f1-8a3e-556a512b04c5,http://creativecommons.org/publicdomain/zero/1.0/legalcode,Collector(s): Chile Hantavirus Project,,,,0,rata_gris
5099535538,2439261,Rattus norvegicus,"Rattus norvegicus (Berkenhout, 1769)",-53.133333,-71.025278,,2006-01-08,2006.0,1.0,8.0,Magallanes y Antartica Chilena,"Reserve Nacional Magellanes; Sector Bocatoma, Magallanes",PRESERVED_SPECIMEN,PRESENT,MSB,Mammalogy,,b15d4952-7d20-46f1-8a3e-556a512b04c5,http://creativecommons.org/publicdomain/zero/1.0/legalcode,Collector(s): Chile Hantavirus Project,,,,0,rata_gris
5099536603,2439261,Rattus norvegicus,"Rattus norvegicus (Berkenhout, 1769)",-33.662783,-71.10235,,2006-01-26,2006.0,1.0,26.0,Santiago Metropolitan,"Chinigue, Talagante",PRESERVED_SPECIMEN,PRESENT,MSB,Mammalogy,,b15d4952-7d20-46f1-8a3e-556a512b04c5,http://creativecommons.org/publicdomain/zero/1.0/legalcode,Collector(s): Chile Hantavirus Project,,,,0,rata_gris
5099537612,2439261,Rattus norvegicus,"Rattus norvegicus (Berkenhout, 1769)",-33.662783,-70.10235,,2006-01-27,2006.0,1.0,27.0,Santiago Metropolitan,"Chinigue, Talagante",PRESERVED_SPECIMEN,PRESENT,MSB,Mammalogy,,b15d4952-7d20-46f1-8a3e-556a512b04c5,http://creativecommons.org/publicdomain/zero/1.0/legalcode,Collector(s): Chile Hantavirus Project,,,,0,rata_gris
5099534600,2439261,Rattus norvegicus,"Rattus norvegicus (Berkenhout, 1769)",-37.70575,-73.418639,,2006-08-24,2006.0,8.0,24.0,Bio-Bio,"Antihuala, Arauco",PRESERVED_SPECIMEN,PRESENT,MSB,Mammalogy,,b15d4952-7d20-46f1-8a3e-556a512b04c5,http://creativecommons.org/publicdomain/zero/1.0/legalcode,Collector(s): Chile Hantavirus Project,,,,0,rata_gris
5099534601,2439261,Rattus norvegicus,"Rattus norvegicus (Berkenhout, 1769)",-33.114972,-71.666083,,2006-10-14,2006.0,10.0,14.0,Valparaiso,"Laguna Verde, Valparaiso",PRESERVED_SPECIMEN,PRESENT,MSB,Mammalogy,,b15d4952-7d20-46f1-8a3e-556a512b04c5,http://creativecommons.org/publicdomain/zero/1.0/legalcode,Collector(s): Chile Hantavirus Project,,,,0,rata_gris
5099536627,2439261,Rattus norvegicus,"Rattus norvegicus (Berkenhout, 1769)",-33.114972,-71.666083,,2006-10-13,2006.0,10.0,13.0,Valparaiso,"Laguna Verde, Valparaiso",PRESERVED_SPECIMEN,PRESENT,MSB,Mammalogy,,b15d4952-7d20-46f1-8a3e-556a512b04c5,http://creativecommons.org/publicdomain/zero/1.0/legalcode,Collector(s): Chile Hantavirus Project,,,,0,rata_gris
5099537563,2439261,Rattus norvegicus,"Rattus norvegicus (Berkenhout, 1769)",-33.649917,-71.179222,,2006-10-25,2006.0,10.0,25.0,Santiago Metropolitan,"Pomoire, El Transito, Melipilla",PRESERVED_SPECIMEN,PRESENT,MSB,Mammalogy,,b15d4952-7d20-46f1-8a3e-556a512b04c5,http://creativecommons.org/publicdomain/zero/1.0/legalcode,Collector(s): Chile Hantavirus Project,,,,0,rata_gris
5099535488,2439261,Rattus norvegicus,"Rattus norvegicus (Berkenhout, 1769)",-39.15,-72.483333,,2005-01-05,2005.0,1.0,5.0,Araucania,"Poblacion La Araucana, Cautin",PRESERVED_SPECIMEN,PRESENT,MSB,Mammalogy,,b15d4952-7d20-46f1-8a3e-556a512b04c5,http://creativecommons.org/publicdomain/zero/1.0/legalcode,Collector(s): Chile Hantavirus Project,,,,0,rata_gris
5099534496,2439261,Rattus norvegicus,"Rattus norvegicus (Berkenhout, 1769)",-33.408967,-70.488817,,2005-12-28,2005.0,12.0,28.0,Santiago Metropolitan,"San Carlos de Apoquindo, Santiago",PRESERVED_SPECIMEN,PRESENT,MSB,Mammalogy,,b15d4952-7d20-46f1-8a3e-556a512b04c5,http://creativecommons.org/publicdomain/zero/1.0/legalcode,Collector(s): Chile Hantavirus Project,,,,0,rata_gris
5099538468,2439261,Rattus norvegicus,"Rattus norvegicus (Berkenhout, 1769)",-33.556083,-70.454444,1000.0,2004-01-28,2004.0,1.0,28.0,Santiago Metropolitan,"El Canelo, Cordillera",PRESERVED_SPECIMEN,PRESENT,MSB,Mammalogy,,b15d4952-7d20-46f1-8a3e-556a512b04c5,http://creativecommons.org/publicdomain/zero/1.0/legalcode,Collector(s): Chile Hantavirus Project,,,,0,rata_gris
5099538481,2439261,Rattus norvegicus,"Rattus norvegicus (Berkenhout, 1769)",-40.725333,-72.43375,1000.0,2004-03-28,2004.0,3.0,28.0,Los Lagos,"Nilque, Osorno",PRESERVED_SPECIMEN,PRESENT,MSB,Mammalogy,,b15d4952-7d20-46f1-8a3e-556a512b04c5,http://creativecommons.org/publicdomain/zero/1.0/legalcode,Collector(s): Chile Hantavirus Project,,,,0,rata_gris
5099534425,2439261,Rattus norvegicus,"Rattus norvegicus (Berkenhout, 1769)",-33.868139,-70.836694,,2004-04-21,2004.0,4.0,21.0,Santiago Metropolitan,"Abrante, Maipo",PRESERVED_SPECIMEN,PRESENT,MSB,Mammalogy,,b15d4952-7d20-46f1-8a3e-556a512b04c5,http://creativecommons.org/publicdomain/zero/1.0/legalcode,Collector(s): Chile Hantavirus Project,,,,0,rata_gris
5099535208,2439261,Rattus norvegicus,"Rattus norvegicus (Berkenhout, 1769)",-31.847667,-71.522617,,2004-06-26,2004.0,6.0,26.0,Coquimbo,"Nague, Choapa",PRESERVED_SPECIMEN,PRESENT,MSB,Mammalogy,,b15d4952-7d20-46f1-8a3e-556a512b04c5,http://creativecommons.org/publicdomain/zero/1.0/legalcode,Collector(s): unknown; Preparator(s): unknown,,,,0,rata_gris
5099536159,2439261,Rattus norvegicus,"Rattus norvegicus (Berkenhout, 1769)",-31.847667,-71.522617,,2004-06-26,2004.0,6.0,26.0,,"Choaba, Nague",PRESERVED_SPECIMEN,PRESENT,MSB,Mammalogy,,b15d4952-7d20-46f1-8a3e-556a512b04c5,http://creativecommons.org/publicdomain/zero/1.0/legalcode,Collector(s): unknown; Preparator(s): unknown,,,,0,rata_gris
5099536166,2439261,Rattus norvegicus,"Rattus norvegicus (Berkenhout, 1769)",-31.847667,-71.522617,,2004-06-26,2004.0,6.0,26.0,,"Chaoha, Nague",PRESERVED_SPECIMEN,PRESENT,MSB,Mammalogy,,b15d4952-7d20-46f1-8a3e-556a512b04c5,http://creativecommons.org/publicdomain/zero/1.0/legalcode,Collector(s): unknown; Preparator(s): unknown,,,,0,rata_gris
5099536212,2439261,Rattus norvegicus,"Rattus norvegicus (Berkenhout, 1769)",-31.847667,-71.522617,,2004-06-26,2004.0,6.0,26.0,Coquimbo,"Nague, Choapa",PRESERVED_SPECIMEN,PRESENT,MSB,Mammalogy,,b15d4952-7d20-46f1-8a3e-556a512b04c5,http://creativecommons.org/publicdomain/zero/1.0/legalcode,Collector(s): unknown; Preparator(s): unknown,,,,0,rata_gris
5099537186,2439261,Rattus norvegicus,"Rattus norvegicus (Berkenhout, 1769)",-31.847667,-71.522617,,2004-06-25,2004.0,6.0,25.0,,"Chaoha, Nague",PRESERVED_SPECIMEN,PRESENT,MSB,Mammalogy,,b15d4952-7d20-46f1-8a3e-556a512b04c5,http://creativecommons.org/publicdomain/zero/1.0/legalcode,Collector(s): unknown; Preparator(s): unknown,,,,0,rata_gris
5099537234,2439261,Rattus norvegicus,"Rattus norvegicus (Berkenhout, 1769)",-31.847667,-71.522617,,2004-06-27,2004.0,6.0,27.0,Coquimbo,"Nague, Choapa",PRESERVED_SPECIMEN,PRESENT,MSB,Mammalogy,,b15d4952-7d20-46f1-8a3e-556a512b04c5,http://creativecommons.org/publicdomain/zero/1.0/legalcode,Collector(s): unknown; Preparator(s): unknown,,,,0,rata_gris
5099539242,2439261,Rattus norvegicus,"Rattus norvegicus (Berkenhout, 1769)",-31.847667,-71.522617,,2004-06-25,2004.0,6.0,25.0,Coquimbo,"Nague, Choapa",PRESERVED_SPECIMEN,PRESENT,MSB,Mammalogy,,b15d4952-7d20-46f1-8a3e-556a512b04c5,http://creativecommons.org/publicdomain/zero/1.0/legalcode,Collector(s): unknown; Preparator(s): unknown,,,,0,rata_gris
5099537459,2439261,Rattus norvegicus,"Rattus norvegicus (Berkenhout, 1769)",-36.651611,-72.791167,,2004-10-15,2004.0,10.0,15.0,Bio-Bio,"Las Naices, Concepcion",PRESERVED_SPECIMEN,PRESENT,MSB,Mammalogy,,b15d4952-7d20-46f1-8a3e-556a512b04c5,http://creativecommons.org/publicdomain/zero/1.0/legalcode,Collector(s): Chile Hantavirus Project,,,,0,rata_gris
5099535477,2439261,Rattus norvegicus,"Rattus norvegicus (Berkenhout, 1769)",-34.967924,-71.378916,1002.0,2004-11-14,2004.0,11.0,14.0,Maule,"Rauco; El Trapiche, Curico",PRESERVED_SPECIMEN,PRESENT,MSB,Mammalogy,,b15d4952-7d20-46f1-8a3e-556a512b04c5,http://creativecommons.org/publicdomain/zero/1.0/legalcode,Collector(s): Chile Hantavirus Project,,,,0,rata_gris
5099582934,2439261,Rattus norvegicus,"Rattus norvegicus (Berkenhout, 1769)",-33.46,-70.48,,2003-01-22,2003.0,1.0,22.0,Santiago Metropolitan,"San Carlos de Apoquindo, Santiago",PRESERVED_SPECIMEN,PRESENT,MSB,Mammalogy,,b15d4952-7d20-46f1-8a3e-556a512b04c5,http://creativecommons.org/publicdomain/zero/1.0/legalcode,Collector(s): Chile Hantavirus Project,,,,0,rata_gris
5099585918,2439261,Rattus norvegicus,"Rattus norvegicus (Berkenhout, 1769)",-33.4,-70.48,,2003-01-24,2003.0,1.0,24.0,Santiago Metropolitan,"San Carlos de Apoquindo, Santiago",PRESERVED_SPECIMEN,PRESENT,MSB,Mammalogy,,b15d4952-7d20-46f1-8a3e-556a512b04c5,http://creativecommons.org/publicdomain/zero/1.0/legalcode,Collector(s): Chile Hantavirus Project,,,,0,rata_gris
5099586979,2439261,Rattus norvegicus,"Rattus norvegicus (Berkenhout, 1769)",-30.0,-71.03,,2003-01-09,2003.0,1.0,9.0,Coquimbo,"El Hinojal, La Serena",PRESERVED_SPECIMEN,PRESENT,MSB,Mammalogy,,b15d4952-7d20-46f1-8a3e-556a512b04c5,http://creativecommons.org/publicdomain/zero/1.0/legalcode,Collector(s): Chile Hantavirus Project,,,,0,rata_gris
5099588990,2439261,Rattus norvegicus,"Rattus norvegicus (Berkenhout, 1769)",-33.46,-70.48,,2003-01-11,2003.0,1.0,11.0,Santiago Metropolitan,"San Carlos de Apoquindo, Santiago",PRESERVED_SPECIMEN,PRESENT,MSB,Mammalogy,,b15d4952-7d20-46f1-8a3e-556a512b04c5,http://creativecommons.org/publicdomain/zero/1.0/legalcode,Collector(s): Chile Hantavirus Project,,,,0,rata_gris
5099582963,2439261,Rattus norvegicus,"Rattus norvegicus (Berkenhout, 1769)",-33.73,-71.21,,2003-03-14,2003.0,3.0,14.0,,"Chocal¿n, Melipilla",PRESERVED_SPECIMEN,PRESENT,MSB,Mammalogy,,b15d4952-7d20-46f1-8a3e-556a512b04c5,http://creativecommons.org/publicdomain/zero/1.0/legalcode,Collector(s): Chile Hantavirus Project,,,,0,rata_gris
5099583065,2439261,Rattus norvegicus,"Rattus norvegicus (Berkenhout, 1769)",-39.82,-73.2,,2003-03-27,2003.0,3.0,27.0,Los Rios,"Campamento Vientos del Sur, Valdivia, Valdivia",PRESERVED_SPECIMEN,PRESENT,MSB,Mammalogy,,b15d4952-7d20-46f1-8a3e-556a512b04c5,http://creativecommons.org/publicdomain/zero/1.0/legalcode,Collector(s): Chile Hantavirus Project,,,,0,rata_gris
5099589082,2439261,Rattus norvegicus,"Rattus norvegicus (Berkenhout, 1769)",-33.46,-70.48,,2003-03-11,2003.0,3.0,11.0,Santiago Metropolitan,"San Carlos de Apoquindo, Santiago",PRESERVED_SPECIMEN,PRESENT,MSB,Mammalogy,,b15d4952-7d20-46f1-8a3e-556a512b04c5,http://creativecommons.org/publicdomain/zero/1.0/legalcode,Collector(s): Chile Hantavirus Project,,,,0,rata_gris
5099589947,2439261,Rattus norvegicus,"Rattus norvegicus (Berkenhout, 1769)",-33.73,-71.21,,2003-03-14,2003.0,3.0,14.0,,"Chocal¿n, Melipilla",PRESERVED_SPECIMEN,PRESENT,MSB,Mammalogy,,b15d4952-7d20-46f1-8a3e-556a512b04c5,http://creativecommons.org/publicdomain/zero/1.0/legalcode,Collector(s): Chile Hantavirus Project,,,,0,rata_gris
5099590046,2439261,Rattus norvegicus,"Rattus norvegicus (Berkenhout, 1769)",-33.46,-70.48,,2003-03-12,2003.0,3.0,12.0,Santiago Metropolitan,"San Carlos de Apoquindo, Santiago",PRESERVED_SPECIMEN,PRESENT,MSB,Mammalogy,,b15d4952-7d20-46f1-8a3e-556a512b04c5,http://creativecommons.org/publicdomain/zero/1.0/legalcode,Collector(s): Chile Hantavirus Project,,,,0,rata_gris
5099585947,2439261,Rattus norvegicus,"Rattus norvegicus (Berkenhout, 1769)",-34.88,-72.15,,2003-04-15,2003.0,4.0,15.0,,"Duao, Licant¿n",PRESERVED_SPECIMEN,PRESENT,MSB,Mammalogy,,b15d4952-7d20-46f1-8a3e-556a512b04c5,http://creativecommons.org/publicdomain/zero/1.0/legalcode,Collector(s): Chile Hantavirus Project,,,,0,rata_gris
5099585949,2439261,Rattus norvegicus,"Rattus norvegicus (Berkenhout, 1769)",-34.88,-72.15,,2003-04-15,2003.0,4.0,15.0,,"Duao, Licant¿n",PRESERVED_SPECIMEN,PRESENT,MSB,Mammalogy,,b15d4952-7d20-46f1-8a3e-556a512b04c5,http://creativecommons.org/publicdomain/zero/1.0/legalcode,Collector(s): Chile Hantavirus Project,,,,0,rata_gris
5099583024,2439261,Rattus norvegicus,"Rattus norvegicus (Berkenhout, 1769)",-33.4,-70.48,,2003-05-15,2003.0,5.0,15.0,Santiago Metropolitan,"San Carlos de Apoquindo, Santiago",PRESERVED_SPECIMEN,PRESENT,MSB,Mammalogy,,b15d4952-7d20-46f1-8a3e-556a512b04c5,http://creativecommons.org/publicdomain/zero/1.0/legalcode,Collector(s): Chile Hantavirus Project,,,,0,rata_gris
5099586009,2439261,Rattus norvegicus,"Rattus norvegicus (Berkenhout, 1769)",-37.82,-73.96,,2003-05-31,2003.0,5.0,31.0,Araucania,"N.P. Nahuelbuta, Malleco",PRESERVED_SPECIMEN,PRESENT,MSB,Mammalogy,,b15d4952-7d20-46f1-8a3e-556a512b04c5,http://creativecommons.org/publicdomain/zero/1.0/legalcode,Collector(s): Chile Hantavirus Project,,,,0,rata_gris
5099590022,2439261,Rattus norvegicus,"Rattus norvegicus (Berkenhout, 1769)",-37.82,-73.96,,2003-05-31,2003.0,5.0,31.0,Araucania,"N.P. Nahuelbuta, Malleco",PRESERVED_SPECIMEN,PRESENT,MSB,Mammalogy,,b15d4952-7d20-46f1-8a3e-556a512b04c5,http://creativecommons.org/publicdomain/zero/1.0/legalcode,Collector(s): Chile Hantavirus Project,,,,0,rata_gris
5099582739,2439261,Rattus norvegicus,"Rattus norvegicus (Berkenhout, 1769)",-35.83,-72.5,,2003-06-19,2003.0,6.0,19.0,Maule,"Reserva Nacional Los Ruiles, Cauquenes",PRESERVED_SPECIMEN,PRESENT,MSB,Mammalogy,,b15d4952-7d20-46f1-8a3e-556a512b04c5,http://creativecommons.org/publicdomain/zero/1.0/legalcode,Collector(s): Chile Hantavirus Project,,,,0,rata_gris
5099585722,2439261,Rattus norvegicus,"Rattus norvegicus (Berkenhout, 1769)",-35.83,-72.5,,2003-06-19,2003.0,6.0,19.0,Maule,"Reserva Nacional Los Ruiles, Cauquenes",PRESERVED_SPECIMEN,PRESENT,MSB,Mammalogy,,b15d4952-7d20-46f1-8a3e-556a512b04c5,http://creativecommons.org/publicdomain/zero/1.0/legalcode,Collector(s): Chile Hantavirus Project,,,,0,rata_gris
5099586762,2439261,Rattus norvegicus,"Rattus norvegicus (Berkenhout, 1769)",-35.83,-72.5,,2003-06-19,2003.0,6.0,19.0,Maule,"Reserva Nacional Los Ruiles, Cauquenes",PRESERVED_SPECIMEN,PRESENT,MSB,Mammalogy,,b15d4952-7d20-46f1-8a3e-556a512b04c5,http://creativecommons.org/publicdomain/zero/1.0/legalcode,Collector(s): Chile Hantavirus Project,,,,0,rata_gris
5099588758,2439261,Rattus norvegicus,"Rattus norvegicus (Berkenhout, 1769)",-35.83,-72.5,,2003-06-19,2003.0,6.0,19.0,Maule,"Reserva Nacional Los Ruiles, Cauquenes",PRESERVED_SPECIMEN,PRESENT,MSB,Mammalogy,,b15d4952-7d20-46f1-8a3e-556a512b04c5,http://creativecommons.org/publicdomain/zero/1.0/legalcode,Collector(s): Chile Hantavirus Project,,,,0,rata_gris
5099589722,2439261,Rattus norvegicus,"Rattus norvegicus (Berkenhout, 1769)",-35.83,-72.5,,2003-06-19,2003.0,6.0,19.0,Maule,"Reserva Nacional Los Ruiles, Cauquenes",PRESERVED_SPECIMEN,PRESENT,MSB,Mammalogy,,b15d4952-7d20-46f1-8a3e-556a512b04c5,http://creativecommons.org/publicdomain/zero/1.0/legalcode,Collector(s): Chile Hantavirus Project,,,,0,rata_gris
5099589727,2439261,Rattus norvegicus,"Rattus norvegicus (Berkenhout, 1769)",-31.83,-71.51,,2003-06-24,2003.0,6.0,24.0,Coquimbo,"Nague, los Vilos, Choapa",PRESERVED_SPECIMEN,PRESENT,MSB,Mammalogy,,b15d4952-7d20-46f1-8a3e-556a512b04c5,http://creativecommons.org/publicdomain/zero/1.0/legalcode,Collector(s): Chile Hantavirus Project,,,,0,rata_gris
5132434870,2439261,Rattus norvegicus,"Rattus norvegicus (Berkenhout, 1769)",-36.826111,-73.040556,,2003-06-02,2003.0,6.0,2.0,Región del Biobío,Patagual,PRESERVED_SPECIMEN,PRESENT,Museo de Zoología de la Universidad de Concepción (MZUC-UCCC),UCCC_MZUC_MAM,Colección de la Clase Mammalia (Orden Rodentia) del Museo de Zoología de la Universidad de Concepción,0156513b-1751-4675-8753-0703a0fbfbf0,http://creativecommons.org/licenses/by-nc/4.0/legalcode,J. C. Ortiz,1.0,,,0,rata_gris
5132434871,2439261,Rattus norvegicus,"Rattus norvegicus (Berkenhout, 1769)",-36.826111,-73.040556,,2003-06-02,2003.0,6.0,2.0,Región del Biobío,Patagual,PRESERVED_SPECIMEN,PRESENT,Museo de Zoología de la Universidad de Concepción (MZUC-UCCC),UCCC_MZUC_MAM,Colección de la Clase Mammalia (Orden Rodentia) del Museo de Zoología de la Universidad de Concepción,0156513b-1751-4675-8753-0703a0fbfbf0,http://creativecommons.org/licenses/by-nc/4.0/legalcode,J. C. Ortiz,1.0,,,0,rata_gris
5132434875,2439261,Rattus norvegicus,"Rattus norvegicus (Berkenhout, 1769)",-36.826111,-73.040556,,2003-06-02,2003.0,6.0,2.0,Región del Biobío,Patagual,PRESERVED_SPECIMEN,PRESENT,Museo de Zoología de la Universidad de Concepción (MZUC-UCCC),UCCC_MZUC_MAM,Colección de la Clase Mammalia (Orden Rodentia) del Museo de Zoología de la Universidad de Concepción,0156513b-1751-4675-8753-0703a0fbfbf0,http://creativecommons.org/licenses/by-nc/4.0/legalcode,J. C. Ortiz,1.0,,,0,rata_gris
5099536479,2439261,Rattus norvegicus,"Rattus norvegicus (Berkenhout, 1769)",-36.451694,-71.990333,1000.0,2003-07-29,2003.0,7.0,29.0,Bio-Bio,"San Miguel, Nuble",PRESERVED_SPECIMEN,PRESENT,MSB,Mammalogy,,b15d4952-7d20-46f1-8a3e-556a512b04c5,http://creativecommons.org/publicdomain/zero/1.0/legalcode,Collector(s): Chile Hantavirus Project,,,,0,rata_gris
5099537450,2439261,Rattus norvegicus,"Rattus norvegicus (Berkenhout, 1769)",-36.451694,-71.990333,1000.0,2003-07-29,2003.0,7.0,29.0,Bio-Bio,"San Miguel, Nuble",PRESERVED_SPECIMEN,PRESENT,MSB,Mammalogy,,b15d4952-7d20-46f1-8a3e-556a512b04c5,http://creativecommons.org/publicdomain/zero/1.0/legalcode,Collector(s): Chile Hantavirus Project,,,,0,rata_gris
5099538453,2439261,Rattus norvegicus,"Rattus norvegicus (Berkenhout, 1769)",-36.451694,-71.990333,1000.0,2003-07-30,2003.0,7.0,30.0,Bio-Bio,"San Miguel, Nuble",PRESERVED_SPECIMEN,PRESENT,MSB,Mammalogy,,b15d4952-7d20-46f1-8a3e-556a512b04c5,http://creativecommons.org/publicdomain/zero/1.0/legalcode,Collector(s): Chile Hantavirus Project,,,,0,rata_gris
5099589717,2439261,Rattus norvegicus,"Rattus norvegicus (Berkenhout, 1769)",-36.65,-71.99,500.0,2003-07-03,2003.0,7.0,3.0,Bio-Bio,"Chillan-Pinto, Chillan",PRESERVED_SPECIMEN,PRESENT,MSB,Mammalogy,,b15d4952-7d20-46f1-8a3e-556a512b04c5,http://creativecommons.org/publicdomain/zero/1.0/legalcode,Collector(s): unknown,,,,0,rata_gris
5099515740,2439261,Rattus norvegicus,"Rattus norvegicus (Berkenhout, 1769)",-33.46,-70.48,,2002-01-23,2002.0,1.0,23.0,Santiago Metropolitan,"San Carlos de Apoquindo, Santiago",PRESERVED_SPECIMEN,PRESENT,MSB,Mammalogy,,b15d4952-7d20-46f1-8a3e-556a512b04c5,http://creativecommons.org/publicdomain/zero/1.0/legalcode,Collector(s): Chile Hantavirus Project,,,,0,rata_gris
5099588830,2439261,Rattus norvegicus,"Rattus norvegicus (Berkenhout, 1769)",-39.45,-71.82,,2002-01-31,2002.0,1.0,31.0,Araucania,"Parque Nacional Villarrica, Cautin",PRESERVED_SPECIMEN,PRESENT,MSB,Mammalogy,,b15d4952-7d20-46f1-8a3e-556a512b04c5,http://creativecommons.org/publicdomain/zero/1.0/legalcode,Collector(s): Chile Hantavirus Project,,,,0,rata_gris
5099589795,2439261,Rattus norvegicus,"Rattus norvegicus (Berkenhout, 1769)",-39.45,-71.82,,2002-01-31,2002.0,1.0,31.0,Araucania,"Parque Nacional Villarrica, Cautin",PRESERVED_SPECIMEN,PRESENT,MSB,Mammalogy,,b15d4952-7d20-46f1-8a3e-556a512b04c5,http://creativecommons.org/publicdomain/zero/1.0/legalcode,Collector(s): Chile Hantavirus Project,,,,0,rata_gris
5099586901,2439261,Rattus norvegicus,"Rattus norvegicus (Berkenhout, 1769)",-39.45,-71.81,,2002-02-02,2002.0,2.0,2.0,Araucania,"Parque Nacional Villarrica, Cautin",PRESERVED_SPECIMEN,PRESENT,MSB,Mammalogy,,b15d4952-7d20-46f1-8a3e-556a512b04c5,http://creativecommons.org/publicdomain/zero/1.0/legalcode,Collector(s): Chile Hantavirus Project,,,,0,rata_gris
5099586884,2439261,Rattus norvegicus,"Rattus norvegicus (Berkenhout, 1769)",-33.4,-70.48,,2002-03-12,2002.0,3.0,12.0,Santiago Metropolitan,"San Carlos de Apoquindo, Santiago",PRESERVED_SPECIMEN,PRESENT,MSB,Mammalogy,,b15d4952-7d20-46f1-8a3e-556a512b04c5,http://creativecommons.org/publicdomain/zero/1.0/legalcode,Collector(s): Chile Hantavirus Project,,,,0,rata_gris
5099589862,2439261,Rattus norvegicus,"Rattus norvegicus (Berkenhout, 1769)",-33.4,-70.48,,2002-03-13,2002.0,3.0,13.0,Santiago Metropolitan,"San Carlos de Apoquindo, Santiago",PRESERVED_SPECIMEN,PRESENT,MSB,Mammalogy,,b15d4952-7d20-46f1-8a3e-556a512b04c5,http://creativecommons.org/publicdomain/zero/1.0/legalcode,Collector(s): Chile Hantavirus Project,,,,0,rata_gris
5099585979,2439261,Rattus norvegicus,"Rattus norvegicus (Berkenhout, 1769)",-33.74,-71.65,,2002-04-17,2002.0,4.0,17.0,Valparaiso,"Fundo La Ventolera, Santo Domingo",PRESERVED_SPECIMEN,PRESENT,MSB,Mammalogy,,b15d4952-7d20-46f1-8a3e-556a512b04c5,http://creativecommons.org/publicdomain/zero/1.0/legalcode,Collector(s): Chile Hantavirus Project,,,,0,rata_gris
5099589018,2439261,Rattus norvegicus,"Rattus norvegicus (Berkenhout, 1769)",-33.74,-71.65,,2002-04-17,2002.0,4.0,17.0,Valparaiso,"Fundo La Ventolera, Santo Domingo",PRESERVED_SPECIMEN,PRESENT,MSB,Mammalogy,,b15d4952-7d20-46f1-8a3e-556a512b04c5,http://creativecommons.org/publicdomain/zero/1.0/legalcode,Collector(s): Chile Hantavirus Project,,,,0,rata_gris
5099585815,2439261,Rattus norvegicus,"Rattus norvegicus (Berkenhout, 1769)",-33.46,-70.48,,2002-05-10,2002.0,5.0,10.0,Santiago Metropolitan,"San Carlos de Apoquindo, Santiago",PRESERVED_SPECIMEN,PRESENT,MSB,Mammalogy,,b15d4952-7d20-46f1-8a3e-556a512b04c5,http://creativecommons.org/publicdomain/zero/1.0/legalcode,Collector(s): Chile Hantavirus Project,,,,0,rata_gris
5099589814,2439261,Rattus norvegicus,"Rattus norvegicus (Berkenhout, 1769)",-33.4,-70.48,,2002-05-08,2002.0,5.0,8.0,Santiago Metropolitan,"San Carlos de Apoquindo, Santiago",PRESERVED_SPECIMEN,PRESENT,MSB,Mammalogy,,b15d4952-7d20-46f1-8a3e-556a512b04c5,http://creativecommons.org/publicdomain/zero/1.0/legalcode,Collector(s): Chile Hantavirus Project,,,,0,rata_gris
5099585926,2439261,Rattus norvegicus,"Rattus norvegicus (Berkenhout, 1769)",-34.06,-71.29,,2002-06-11,2002.0,6.0,11.0,Libertador General Bernardo O'Higgins,"Quilamuta, Las Cabras",PRESERVED_SPECIMEN,PRESENT,MSB,Mammalogy,,b15d4952-7d20-46f1-8a3e-556a512b04c5,http://creativecommons.org/publicdomain/zero/1.0/legalcode,Collector(s): Chile Hantavirus Project,,,,0,rata_gris
5099588963,2439261,Rattus norvegicus,"Rattus norvegicus (Berkenhout, 1769)",-34.06,-71.29,,2002-06-11,2002.0,6.0,11.0,Libertador General Bernardo O'Higgins,"Quilamuta, Las Cabras",PRESERVED_SPECIMEN,PRESENT,MSB,Mammalogy,,b15d4952-7d20-46f1-8a3e-556a512b04c5,http://creativecommons.org/publicdomain/zero/1.0/legalcode,Collector(s): Chile Hantavirus Project,,,,0,rata_gris
5099537477,2439261,Rattus norvegicus,"Rattus norvegicus (Berkenhout, 1769)",-34.766472,-70.776222,,2002-07-21,2002.0,7.0,21.0,Libertador General Bernardo O'Higgins,"Las Penas, Colchagua",PRESERVED_SPECIMEN,PRESENT,MSB,Mammalogy,,b15d4952-7d20-46f1-8a3e-556a512b04c5,http://creativecommons.org/publicdomain/zero/1.0/legalcode,Collector(s): Chile Hantavirus Project,,,,0,rata_gris
5099585931,2439261,Rattus norvegicus,"Rattus norvegicus (Berkenhout, 1769)",-32.81,-71.08,,2002-07-20,2002.0,7.0,20.0,Valparaiso,"Fundo Chuico Blanco, Hijuelas",PRESERVED_SPECIMEN,PRESENT,MSB,Mammalogy,,b15d4952-7d20-46f1-8a3e-556a512b04c5,http://creativecommons.org/publicdomain/zero/1.0/legalcode,Collector(s): Chile Hantavirus Project,,,,0,rata_gris
5099588968,2439261,Rattus norvegicus,"Rattus norvegicus (Berkenhout, 1769)",-32.81,-71.08,,2002-07-20,2002.0,7.0,20.0,Valparaiso,"Fundo Chuico Blanco, Hijuelas",PRESERVED_SPECIMEN,PRESENT,MSB,Mammalogy,,b15d4952-7d20-46f1-8a3e-556a512b04c5,http://creativecommons.org/publicdomain/zero/1.0/legalcode,Collector(s): Chile Hantavirus Project,,,,0,rata_gris
5099589932,2439261,Rattus norvegicus,"Rattus norvegicus (Berkenhout, 1769)",-32.81,-71.08,,2002-07-21,2002.0,7.0,21.0,Valparaiso,"Fundo Chuico Blanco, Hijuelas",PRESERVED_SPECIMEN,PRESENT,MSB,Mammalogy,,b15d4952-7d20-46f1-8a3e-556a512b04c5,http://creativecommons.org/publicdomain/zero/1.0/legalcode,Collector(s): Chile Hantavirus Project,,,,0,rata_gris
5099582842,2439261,Rattus norvegicus,"Rattus norvegicus (Berkenhout, 1769)",-33.4,-70.48,,2002-09-13,2002.0,9.0,13.0,Santiago Metropolitan,"San Carlos de Apoquindo, Santiago",PRESERVED_SPECIMEN,PRESENT,MSB,Mammalogy,,b15d4952-7d20-46f1-8a3e-556a512b04c5,http://creativecommons.org/publicdomain/zero/1.0/legalcode,Collector(s): Chile Hantavirus Project,,,,0,rata_gris
5099582892,2439261,Rattus norvegicus,"Rattus norvegicus (Berkenhout, 1769)",-33.46,-70.48,,2002-09-10,2002.0,9.0,10.0,Santiago Metropolitan,"San Carlos de Apoquindo, Santiago",PRESERVED_SPECIMEN,PRESENT,MSB,Mammalogy,,b15d4952-7d20-46f1-8a3e-556a512b04c5,http://creativecommons.org/publicdomain/zero/1.0/legalcode,Collector(s): Chile Hantavirus Project,,,,0,rata_gris
5132435028,2439261,Rattus norvegicus,"Rattus norvegicus (Berkenhout, 1769)",-36.538889,-71.622194,,2002-09-29,2002.0,9.0,29.0,Región de Ñuble,Fundo San Isidro,PRESERVED_SPECIMEN,PRESENT,Museo de Zoología de la Universidad de Concepción (MZUC-UCCC),UCCC_MZUC_MAM,Colección de la Clase Mammalia (Orden Rodentia) del Museo de Zoología de la Universidad de Concepción,0156513b-1751-4675-8753-0703a0fbfbf0,http://creativecommons.org/licenses/by-nc/4.0/legalcode,S. Zunino,1.0,,,0,rata_gris
5132435030,2439261,Rattus norvegicus,"Rattus norvegicus (Berkenhout, 1769)",-36.538889,-71.622194,,2002-09-29,2002.0,9.0,29.0,Región de Ñuble,Fundo San Isidro,PRESERVED_SPECIMEN,PRESENT,Museo de Zoología de la Universidad de Concepción (MZUC-UCCC),UCCC_MZUC_MAM,Colección de la Clase Mammalia (Orden Rodentia) del Museo de Zoología de la Universidad de Concepción,0156513b-1751-4675-8753-0703a0fbfbf0,http://creativecommons.org/licenses/by-nc/4.0/legalcode,S. Zunino,1.0,,,0,rata_gris
5132435032,2439261,Rattus norvegicus,"Rattus norvegicus (Berkenhout, 1769)",-36.538889,-71.622194,,2002-09-29,2002.0,9.0,29.0,Región de Ñuble,Fundo San Isidro,PRESERVED_SPECIMEN,PRESENT,Museo de Zoología de la Universidad de Concepción (MZUC-UCCC),UCCC_MZUC_MAM,Colección de la Clase Mammalia (Orden Rodentia) del Museo de Zoología de la Universidad de Concepción,0156513b-1751-4675-8753-0703a0fbfbf0,http://creativecommons.org/licenses/by-nc/4.0/legalcode,S. Zunino,1.0,,,0,rata_gris
5132435034,2439261,Rattus norvegicus,"Rattus norvegicus (Berkenhout, 1769)",-36.538889,-71.622194,,2002-09-29,2002.0,9.0,29.0,Región de Ñuble,Fundo San Isidro,PRESERVED_SPECIMEN,PRESENT,Museo de Zoología de la Universidad de Concepción (MZUC-UCCC),UCCC_MZUC_MAM,Colección de la Clase Mammalia (Orden Rodentia) del Museo de Zoología de la Universidad de Concepción,0156513b-1751-4675-8753-0703a0fbfbf0,http://creativecommons.org/licenses/by-nc/4.0/legalcode,S. Zunino,1.0,,,0,rata_gris
5132435037,2439261,Rattus norvegicus,"Rattus norvegicus (Berkenhout, 1769)",-36.538889,-71.622194,,2002-09-29,2002.0,9.0,29.0,Región de Ñuble,Fundo San Isidro,PRESERVED_SPECIMEN,PRESENT,Museo de Zoología de la Universidad de Concepción (MZUC-UCCC),UCCC_MZUC_MAM,Colección de la Clase Mammalia (Orden Rodentia) del Museo de Zoología de la Universidad de Concepción,0156513b-1751-4675-8753-0703a0fbfbf0,http://creativecommons.org/licenses/by-nc/4.0/legalcode,S. Zunino,1.0,,,0,rata_gris
5132435040,2439261,Rattus norvegicus,"Rattus norvegicus (Berkenhout, 1769)",-36.538889,-71.622194,,2002-09-29,2002.0,9.0,29.0,Región de Ñuble,Fundo San Isidro,PRESERVED_SPECIMEN,PRESENT,Museo de Zoología de la Universidad de Concepción (MZUC-UCCC),UCCC_MZUC_MAM,Colección de la Clase Mammalia (Orden Rodentia) del Museo de Zoología de la Universidad de Concepción,0156513b-1751-4675-8753-0703a0fbfbf0,http://creativecommons.org/licenses/by-nc/4.0/legalcode,S. Zunino,1.0,,,0,rata_gris
5132435042,2439261,Rattus norvegicus,"Rattus norvegicus (Berkenhout, 1769)",-36.538889,-71.622194,,2002-09-29,2002.0,9.0,29.0,Región de Ñuble,Fundo San Isidro,PRESERVED_SPECIMEN,PRESENT,Museo de Zoología de la Universidad de Concepción (MZUC-UCCC),UCCC_MZUC_MAM,Colección de la Clase Mammalia (Orden Rodentia) del Museo de Zoología de la Universidad de Concepción,0156513b-1751-4675-8753-0703a0fbfbf0,http://creativecommons.org/licenses/by-nc/4.0/legalcode,S. Zunino,1.0,,,0,rata_gris
5132435044,2439261,Rattus norvegicus,"Rattus norvegicus (Berkenhout, 1769)",-36.538889,-71.622194,,2002-09-29,2002.0,9.0,29.0,Región de Ñuble,Fundo San Isidro,PRESERVED_SPECIMEN,PRESENT,Museo de Zoología de la Universidad de Concepción (MZUC-UCCC),UCCC_MZUC_MAM,Colección de la Clase Mammalia (Orden Rodentia) del Museo de Zoología de la Universidad de Concepción,0156513b-1751-4675-8753-0703a0fbfbf0,http://creativecommons.org/licenses/by-nc/4.0/legalcode,S. Zunino,1.0,,,0,rata_gris
5132435047,2439261,Rattus norvegicus,"Rattus norvegicus (Berkenhout, 1769)",-36.538889,-71.622194,,2002-09-29,2002.0,9.0,29.0,Región de Ñuble,Fundo San Isidro,PRESERVED_SPECIMEN,PRESENT,Museo de Zoología de la Universidad de Concepción (MZUC-UCCC),UCCC_MZUC_MAM,Colección de la Clase Mammalia (Orden Rodentia) del Museo de Zoología de la Universidad de Concepción,0156513b-1751-4675-8753-0703a0fbfbf0,http://creativecommons.org/licenses/by-nc/4.0/legalcode,S. Zunino,1.0,,,0,rata_gris
5132435050,2439261,Rattus norvegicus,"Rattus norvegicus (Berkenhout, 1769)",-36.538889,-71.622194,,2002-09-29,2002.0,9.0,29.0,Región de Ñuble,Fundo San Isidro,PRESERVED_SPECIMEN,PRESENT,Museo de Zoología de la Universidad de Concepción (MZUC-UCCC),UCCC_MZUC_MAM,Colección de la Clase Mammalia (Orden Rodentia) del Museo de Zoología de la Universidad de Concepción,0156513b-1751-4675-8753-0703a0fbfbf0,http://creativecommons.org/licenses/by-nc/4.0/legalcode,S. Zunino,1.0,,,0,rata_gris
5132435053,2439261,Rattus norvegicus,"Rattus norvegicus (Berkenhout, 1769)",-36.538889,-71.622194,,2002-09-29,2002.0,9.0,29.0,Región de Ñuble,Fundo San Isidro,PRESERVED_SPECIMEN,PRESENT,Museo de Zoología de la Universidad de Concepción (MZUC-UCCC),UCCC_MZUC_MAM,Colección de la Clase Mammalia (Orden Rodentia) del Museo de Zoología de la Universidad de Concepción,0156513b-1751-4675-8753-0703a0fbfbf0,http://creativecommons.org/licenses/by-nc/4.0/legalcode,S. Zunino,1.0,,,0,rata_gris
5132435081,2439261,Rattus norvegicus,"Rattus norvegicus (Berkenhout, 1769)",-36.538889,-71.622194,,2002-09-29,2002.0,9.0,29.0,Región de Ñuble,Fundo San Isidro,PRESERVED_SPECIMEN,PRESENT,Museo de Zoología de la Universidad de Concepción (MZUC-UCCC),UCCC_MZUC_MAM,Colección de la Clase Mammalia (Orden Rodentia) del Museo de Zoología de la Universidad de Concepción,0156513b-1751-4675-8753-0703a0fbfbf0,http://creativecommons.org/licenses/by-nc/4.0/legalcode,S. Zunino,1.0,,,0,rata_gris
5099585932,2439261,Rattus norvegicus,"Rattus norvegicus (Berkenhout, 1769)",-35.03,-71.54,,2002-10-08,2002.0,10.0,8.0,Maule,"Palquibudi, Rauco",PRESERVED_SPECIMEN,PRESENT,MSB,Mammalogy,,b15d4952-7d20-46f1-8a3e-556a512b04c5,http://creativecommons.org/publicdomain/zero/1.0/legalcode,Collector(s): Chile Hantavirus Project,,,,0,rata_gris
5099586974,2439261,Rattus norvegicus,"Rattus norvegicus (Berkenhout, 1769)",-34.2,-70.53,,2002-10-31,2002.0,10.0,31.0,Libertador General Bernardo O'Higgins,"Coya, Machalí",PRESERVED_SPECIMEN,PRESENT,MSB,Mammalogy,,b15d4952-7d20-46f1-8a3e-556a512b04c5,http://creativecommons.org/publicdomain/zero/1.0/legalcode,Collector(s): Chile Hantavirus Project,,,,0,rata_gris
5099588970,2439261,Rattus norvegicus,"Rattus norvegicus (Berkenhout, 1769)",-34.2,-70.53,,2002-10-31,2002.0,10.0,31.0,Libertador General Bernardo O'Higgins,"Coya, Machalí",PRESERVED_SPECIMEN,PRESENT,MSB,Mammalogy,,b15d4952-7d20-46f1-8a3e-556a512b04c5,http://creativecommons.org/publicdomain/zero/1.0/legalcode,Collector(s): Chile Hantavirus Project,,,,0,rata_gris
5099582918,2439261,Rattus norvegicus,"Rattus norvegicus (Berkenhout, 1769)",-33.4,-70.48,,2002-11-13,2002.0,11.0,13.0,Santiago Metropolitan,"San Carlos de Apoquindo, Santiago",PRESERVED_SPECIMEN,PRESENT,MSB,Mammalogy,,b15d4952-7d20-46f1-8a3e-556a512b04c5,http://creativecommons.org/publicdomain/zero/1.0/legalcode,Collector(s): Chile Hantavirus Project,,,,0,rata_gris
5099585933,2439261,Rattus norvegicus,"Rattus norvegicus (Berkenhout, 1769)",-34.2,-70.53,,2002-11-01,2002.0,11.0,1.0,Libertador General Bernardo O'Higgins,"Coya, Machalí",PRESERVED_SPECIMEN,PRESENT,MSB,Mammalogy,,b15d4952-7d20-46f1-8a3e-556a512b04c5,http://creativecommons.org/publicdomain/zero/1.0/legalcode,Collector(s): Chile Hantavirus Project,,,,0,rata_gris
5099586975,2439261,Rattus norvegicus,"Rattus norvegicus (Berkenhout, 1769)",-34.2,-70.53,,2002-11-01,2002.0,11.0,1.0,Libertador General Bernardo O'Higgins,"Coya, Machalí",PRESERVED_SPECIMEN,PRESENT,MSB,Mammalogy,,b15d4952-7d20-46f1-8a3e-556a512b04c5,http://creativecommons.org/publicdomain/zero/1.0/legalcode,Collector(s): Chile Hantavirus Project,,,,0,rata_gris
5099588971,2439261,Rattus norvegicus,"Rattus norvegicus (Berkenhout, 1769)",-34.2,-70.53,,2002-11-01,2002.0,11.0,1.0,Libertador General Bernardo O'Higgins,"Coya, Machalí",PRESERVED_SPECIMEN,PRESENT,MSB,Mammalogy,,b15d4952-7d20-46f1-8a3e-556a512b04c5,http://creativecommons.org/publicdomain/zero/1.0/legalcode,Collector(s): Chile Hantavirus Project,,,,0,rata_gris
5099536471,2439261,Rattus norvegicus,"Rattus norvegicus (Berkenhout, 1769)",-33.786139,-70.2475,1000.0,2002-12-21,2002.0,12.0,21.0,Santiago Metropolitan,"El Ingenio, Cordillera",PRESERVED_SPECIMEN,PRESENT,MSB,Mammalogy,,b15d4952-7d20-46f1-8a3e-556a512b04c5,http://creativecommons.org/publicdomain/zero/1.0/legalcode,Collector(s): Chile Hantavirus Project,,,,0,rata_gris
5099587436,2439261,Rattus norvegicus,"Rattus norvegicus (Berkenhout, 1769)",-33.59,-70.38,,2001-02-03,2001.0,2.0,3.0,Santiago Metropolitan,"Fundo el Toyo, Cordillera",PRESERVED_SPECIMEN,PRESENT,MSB,Mammalogy,,b15d4952-7d20-46f1-8a3e-556a512b04c5,http://creativecommons.org/publicdomain/zero/1.0/legalcode,Collector(s): Chile Hantavirus Project,,,,0,rata_gris
5099587537,2439261,Rattus norvegicus,"Rattus norvegicus (Berkenhout, 1769)",-33.59,-70.38,,2001-02-03,2001.0,2.0,3.0,Santiago Metropolitan,"Fundo el Toyo, Cordillera",PRESERVED_SPECIMEN,PRESENT,MSB,Mammalogy,,b15d4952-7d20-46f1-8a3e-556a512b04c5,http://creativecommons.org/publicdomain/zero/1.0/legalcode,Collector(s): Chile Hantavirus Project,,,,0,rata_gris
5099590420,2439261,Rattus norvegicus,"Rattus norvegicus (Berkenhout, 1769)",-33.59,-70.38,,2001-02-03,2001.0,2.0,3.0,Santiago Metropolitan,"Fundo el Toyo, Cordillera",PRESERVED_SPECIMEN,PRESENT,MSB,Mammalogy,,b15d4952-7d20-46f1-8a3e-556a512b04c5,http://creativecommons.org/publicdomain/zero/1.0/legalcode,Collector(s): Chile Hantavirus Project,,,,0,rata_gris
5099590521,2439261,Rattus norvegicus,"Rattus norvegicus (Berkenhout, 1769)",-33.59,-70.38,,2001-02-03,2001.0,2.0,3.0,Santiago Metropolitan,"Fundo el Toyo, Cordillera",PRESERVED_SPECIMEN,PRESENT,MSB,Mammalogy,,b15d4952-7d20-46f1-8a3e-556a512b04c5,http://creativecommons.org/publicdomain/zero/1.0/legalcode,Collector(s): Chile Hantavirus Project,,,,0,rata_gris
5099591460,2439261,Rattus norvegicus,"Rattus norvegicus (Berkenhout, 1769)",-33.59,-70.38,,2001-02-03,2001.0,2.0,3.0,Santiago Metropolitan,"Fundo el Toyo, Cordillera",PRESERVED_SPECIMEN,PRESENT,MSB,Mammalogy,,b15d4952-7d20-46f1-8a3e-556a512b04c5,http://creativecommons.org/publicdomain/zero/1.0/legalcode,Collector(s): Chile Hantavirus Project,,,,0,rata_gris
5099591461,2439261,Rattus norvegicus,"Rattus norvegicus (Berkenhout, 1769)",-33.59,-70.38,,2001-02-04,2001.0,2.0,4.0,Santiago Metropolitan,"Fundo el Toyo, Cordillera",PRESERVED_SPECIMEN,PRESENT,MSB,Mammalogy,,b15d4952-7d20-46f1-8a3e-556a512b04c5,http://creativecommons.org/publicdomain/zero/1.0/legalcode,Collector(s): Chile Hantavirus Project,,,,0,rata_gris
5099593454,2439261,Rattus norvegicus,"Rattus norvegicus (Berkenhout, 1769)",-33.59,-70.38,,2001-02-03,2001.0,2.0,3.0,Santiago Metropolitan,"Fundo el Toyo, Cordillera",PRESERVED_SPECIMEN,PRESENT,MSB,Mammalogy,,b15d4952-7d20-46f1-8a3e-556a512b04c5,http://creativecommons.org/publicdomain/zero/1.0/legalcode,Collector(s): Chile Hantavirus Project,,,,0,rata_gris
5099593554,2439261,Rattus norvegicus,"Rattus norvegicus (Berkenhout, 1769)",-33.59,-70.38,,2001-02-03,2001.0,2.0,3.0,Santiago Metropolitan,"Fundo el Toyo, Cordillera",PRESERVED_SPECIMEN,PRESENT,MSB,Mammalogy,,b15d4952-7d20-46f1-8a3e-556a512b04c5,http://creativecommons.org/publicdomain/zero/1.0/legalcode,Collector(s): Chile Hantavirus Project,,,,0,rata_gris
5099594420,2439261,Rattus norvegicus,"Rattus norvegicus (Berkenhout, 1769)",-33.59,-70.38,,2001-02-03,2001.0,2.0,3.0,Santiago Metropolitan,"Fundo el Toyo, Cordillera",PRESERVED_SPECIMEN,PRESENT,MSB,Mammalogy,,b15d4952-7d20-46f1-8a3e-556a512b04c5,http://creativecommons.org/publicdomain/zero/1.0/legalcode,Collector(s): Chile Hantavirus Project,,,,0,rata_gris
5099594421,2439261,Rattus norvegicus,"Rattus norvegicus (Berkenhout, 1769)",-33.59,-70.38,,2001-02-04,2001.0,2.0,4.0,Santiago Metropolitan,"Fundo el Toyo, Cordillera",PRESERVED_SPECIMEN,PRESENT,MSB,Mammalogy,,b15d4952-7d20-46f1-8a3e-556a512b04c5,http://creativecommons.org/publicdomain/zero/1.0/legalcode,Collector(s): Chile Hantavirus Project,,,,0,rata_gris
5099591478,2439261,Rattus norvegicus,"Rattus norvegicus (Berkenhout, 1769)",-40.28,-72.54,,2001-03-27,2001.0,3.0,27.0,Los Rios,"Quillin, El Ranco",PRESERVED_SPECIMEN,PRESENT,MSB,Mammalogy,,b15d4952-7d20-46f1-8a3e-556a512b04c5,http://creativecommons.org/publicdomain/zero/1.0/legalcode,Collector(s): Chile Hantavirus Project,,,,0,rata_gris
5099594521,2439261,Rattus norvegicus,"Rattus norvegicus (Berkenhout, 1769)",-38.68,-72.6,,2001-05-31,2001.0,5.0,31.0,Araucania,"Fundo Chivilcan, Temuco, Cautin",PRESERVED_SPECIMEN,PRESENT,MSB,Mammalogy,,b15d4952-7d20-46f1-8a3e-556a512b04c5,http://creativecommons.org/publicdomain/zero/1.0/legalcode,Collector(s): Chile Hantavirus Project,,,,0,rata_gris
5099516725,2439261,Rattus norvegicus,"Rattus norvegicus (Berkenhout, 1769)",-38.72,-72.41,,2001-06-03,2001.0,6.0,3.0,Araucania,"Fundo Santa Rosa, Vilcun, Cautin",PRESERVED_SPECIMEN,PRESENT,MSB,Mammalogy,,b15d4952-7d20-46f1-8a3e-556a512b04c5,http://creativecommons.org/publicdomain/zero/1.0/legalcode,Collector(s): Chile Hantavirus Project,,,,0,rata_gris
5099517750,2439261,Rattus norvegicus,"Rattus norvegicus (Berkenhout, 1769)",-38.72,-72.41,,2001-06-03,2001.0,6.0,3.0,Araucania,"Fundo Santa Rosa, Vilcun, Cautin",PRESERVED_SPECIMEN,PRESENT,MSB,Mammalogy,,b15d4952-7d20-46f1-8a3e-556a512b04c5,http://creativecommons.org/publicdomain/zero/1.0/legalcode,Collector(s): Chile Hantavirus Project,,,,0,rata_gris
5099518751,2439261,Rattus norvegicus,"Rattus norvegicus (Berkenhout, 1769)",-38.68,-72.6,,2001-06-01,2001.0,6.0,1.0,Araucania,"Fundo Chivilcan, Temuco, Cautin",PRESERVED_SPECIMEN,PRESENT,MSB,Mammalogy,,b15d4952-7d20-46f1-8a3e-556a512b04c5,http://creativecommons.org/publicdomain/zero/1.0/legalcode,Collector(s): Chile Hantavirus Project,,,,0,rata_gris
5099514737,2439261,Rattus norvegicus,"Rattus norvegicus (Berkenhout, 1769)",-33.49,-70.91,,2001-07-04,2001.0,7.0,4.0,Santiago Metropolitan,"Rinconada de Maipu., Santiago",PRESERVED_SPECIMEN,PRESENT,MSB,Mammalogy,,b15d4952-7d20-46f1-8a3e-556a512b04c5,http://creativecommons.org/publicdomain/zero/1.0/legalcode,Collector(s): Chile Hantavirus Project,,,,0,rata_gris
5099517752,2439261,Rattus norvegicus,"Rattus norvegicus (Berkenhout, 1769)",-33.49,-70.9,,2001-07-05,2001.0,7.0,5.0,Santiago Metropolitan,"Rinconada de Maipu. A¿o 2001., Santiago",PRESERVED_SPECIMEN,PRESENT,MSB,Mammalogy,,b15d4952-7d20-46f1-8a3e-556a512b04c5,http://creativecommons.org/publicdomain/zero/1.0/legalcode,Collector(s): Chile Hantavirus Project,,,,0,rata_gris
5099518753,2439261,Rattus norvegicus,"Rattus norvegicus (Berkenhout, 1769)",-33.49,-70.91,,2001-07-05,2001.0,7.0,5.0,Santiago Metropolitan,"Rinconada de Maipu., Santiago",PRESERVED_SPECIMEN,PRESENT,MSB,Mammalogy,,b15d4952-7d20-46f1-8a3e-556a512b04c5,http://creativecommons.org/publicdomain/zero/1.0/legalcode,Collector(s): Chile Hantavirus Project,,,,0,rata_gris
5099585667,2439261,Rattus norvegicus,"Rattus norvegicus (Berkenhout, 1769)",-33.46,-70.48,,2001-09-27,2001.0,9.0,27.0,Santiago Metropolitan,"San Carlos de Apoquindo, Santiago",PRESERVED_SPECIMEN,PRESENT,MSB,Mammalogy,,b15d4952-7d20-46f1-8a3e-556a512b04c5,http://creativecommons.org/publicdomain/zero/1.0/legalcode,Collector(s): Chile Hantavirus Project,,,,0,rata_gris
5099586809,2439261,Rattus norvegicus,"Rattus norvegicus (Berkenhout, 1769)",-33.4,-70.48,,2001-09-27,2001.0,9.0,27.0,Santiago Metropolitan,"San Carlos de Apoquindo, Santiago",PRESERVED_SPECIMEN,PRESENT,MSB,Mammalogy,,b15d4952-7d20-46f1-8a3e-556a512b04c5,http://creativecommons.org/publicdomain/zero/1.0/legalcode,Collector(s): Chile Hantavirus Project,,,,0,rata_gris
5132434546,2439261,Rattus norvegicus,"Rattus norvegicus (Berkenhout, 1769)",-37.241111,-71.944444,,2001-10-01,2001.0,10.0,1.0,Región del Biobío,Rucamanqui,PRESERVED_SPECIMEN,PRESENT,Museo de Zoología de la Universidad de Concepción (MZUC-UCCC),UCCC_MZUC_MAM,Colección de la Clase Mammalia (Orden Rodentia) del Museo de Zoología de la Universidad de Concepción,0156513b-1751-4675-8753-0703a0fbfbf0,http://creativecommons.org/licenses/by-nc/4.0/legalcode,S. Zunino,1.0,,,0,rata_gris
5132435207,2439261,Rattus norvegicus,"Rattus norvegicus (Berkenhout, 1769)",-37.241111,-71.944444,,2001-10-01,2001.0,10.0,1.0,Región del Biobío,Rucamanqui,PRESERVED_SPECIMEN,PRESENT,Museo de Zoología de la Universidad de Concepción (MZUC-UCCC),UCCC_MZUC_MAM,Colección de la Clase Mammalia (Orden Rodentia) del Museo de Zoología de la Universidad de Concepción,0156513b-1751-4675-8753-0703a0fbfbf0,http://creativecommons.org/licenses/by-nc/4.0/legalcode,S. Zunino,1.0,,,0,rata_gris
5132435208,2439261,Rattus norvegicus,"Rattus norvegicus (Berkenhout, 1769)",-37.241111,-71.944444,,2001-10-01,2001.0,10.0,1.0,Región del Biobío,Rucamanqui,PRESERVED_SPECIMEN,PRESENT,Museo de Zoología de la Universidad de Concepción (MZUC-UCCC),UCCC_MZUC_MAM,Colección de la Clase Mammalia (Orden Rodentia) del Museo de Zoología de la Universidad de Concepción,0156513b-1751-4675-8753-0703a0fbfbf0,http://creativecommons.org/licenses/by-nc/4.0/legalcode,S. Zunino,1.0,,,0,rata_gris
5132435209,2439261,Rattus norvegicus,"Rattus norvegicus (Berkenhout, 1769)",-37.241111,-71.944444,,2001-10-01,2001.0,10.0,1.0,Región del Biobío,Rucamanqui,PRESERVED_SPECIMEN,PRESENT,Museo de Zoología de la Universidad de Concepción (MZUC-UCCC),UCCC_MZUC_MAM,Colección de la Clase Mammalia (Orden Rodentia) del Museo de Zoología de la Universidad de Concepción,0156513b-1751-4675-8753-0703a0fbfbf0,http://creativecommons.org/licenses/by-nc/4.0/legalcode,S. Zunino,1.0,,,0,rata_gris
5132435210,2439261,Rattus norvegicus,"Rattus norvegicus (Berkenhout, 1769)",-37.241111,-71.944444,,2001-10-01,2001.0,10.0,1.0,Región del Biobío,Rucamanqui,PRESERVED_SPECIMEN,PRESENT,Museo de Zoología de la Universidad de Concepción (MZUC-UCCC),UCCC_MZUC_MAM,Colección de la Clase Mammalia (Orden Rodentia) del Museo de Zoología de la Universidad de Concepción,0156513b-1751-4675-8753-0703a0fbfbf0,http://creativecommons.org/licenses/by-nc/4.0/legalcode,S. Zunino,1.0,,,0,rata_gris
5209098427,2439261,Rattus norvegicus,"Rattus norvegicus (Berkenhout, 1769)",-45.5,-71.75,,2000,2000.0,,,Aisén del Gral. Carlos Ibañez del Campo,Coyhaique Alto,HUMAN_OBSERVATION,PRESENT,SIBA_UMAG,Mamíferos-terrestres_literatura,"Diversidad potencial de mamíferos terrestres en el Sistema de Información en Biodiversidad para Aysén (SIB-Aysén), Chile",672f9690-c711-45fe-8e64-c582d79f5ffe,http://creativecommons.org/licenses/by-nc/4.0/legalcode,,,,https://www.researchgate.net/profile/Ricardo-A-Figueroa-R/publication/224886103_Winter_Diet_of_the_American_Kestrel_Falco_sparverius_in_the_Forested_Chilean_Patagonia_and_Its_Relation_to_the_Availability_of_Prey/links/0fcfd4fa2eb46b4f04000000/Winter-Diet-of-the-American-Kestrel-Falco-sparverius-in-the-Forested-Chilean-Patagonia-and-Its-Relation-to-the-Availability-of-Prey.pdf,1,rata_gris
1702687005,2439261,Rattus norvegicus,"Rattus norvegicus (Berkenhout, 1769)",-33.483333,-70.933333,,1998-01-28,1998.0,1.0,28.0,Santiago Metropolitan,10.2 road km SW of Camino Rinconada; Quebrada de la Plata,PRESERVED_SPECIMEN,PRESENT,UWBM,Mammalogy,,830eb5d0-f762-11e1-a439-00145eb45e9a,http://creativecommons.org/publicdomain/zero/1.0/legalcode,Collector(s): G. James Kenagy; Preparator(s): G. James Kenagy,,,,0,rata_gris
5132434380,2439261,Rattus norvegicus,"Rattus norvegicus (Berkenhout, 1769)",-38.029722,-71.467778,,1998-04-15,1998.0,4.0,15.0,Región del Biobío,Palmucho,PRESERVED_SPECIMEN,PRESENT,Museo de Zoología de la Universidad de Concepción (MZUC-UCCC),UCCC_MZUC_MAM,Colección de la Clase Mammalia (Orden Rodentia) del Museo de Zoología de la Universidad de Concepción,0156513b-1751-4675-8753-0703a0fbfbf0,http://creativecommons.org/licenses/by-nc/4.0/legalcode,J. C. Ortiz,1.0,,,0,rata_gris
5132434383,2439261,Rattus norvegicus,"Rattus norvegicus (Berkenhout, 1769)",-38.029722,-71.467778,,1998-04-15,1998.0,4.0,15.0,Región del Biobío,Palmucho,PRESERVED_SPECIMEN,PRESENT,Museo de Zoología de la Universidad de Concepción (MZUC-UCCC),UCCC_MZUC_MAM,Colección de la Clase Mammalia (Orden Rodentia) del Museo de Zoología de la Universidad de Concepción,0156513b-1751-4675-8753-0703a0fbfbf0,http://creativecommons.org/licenses/by-nc/4.0/legalcode,J. C. Ortiz,1.0,,,0,rata_gris
5132434386,2439261,Rattus norvegicus,"Rattus norvegicus (Berkenhout, 1769)",-38.029722,-71.467778,,1998-04-15,1998.0,4.0,15.0,Región del Biobío,Palmucho,PRESERVED_SPECIMEN,PRESENT,Museo de Zoología de la Universidad de Concepción (MZUC-UCCC),UCCC_MZUC_MAM,Colección de la Clase Mammalia (Orden Rodentia) del Museo de Zoología de la Universidad de Concepción,0156513b-1751-4675-8753-0703a0fbfbf0,http://creativecommons.org/licenses/by-nc/4.0/legalcode,J. C. Ortiz,1.0,,,0,rata_gris
5132434609,2439261,Rattus norvegicus,"Rattus norvegicus (Berkenhout, 1769)",-37.110675,-73.149503,,1998-04-25,1998.0,4.0,25.0,Región del Biobío,Colcura,PRESERVED_SPECIMEN,PRESENT,Museo de Zoología de la Universidad de Concepción (MZUC-UCCC),UCCC_MZUC_MAM,Colección de la Clase Mammalia (Orden Rodentia) del Museo de Zoología de la Universidad de Concepción,0156513b-1751-4675-8753-0703a0fbfbf0,http://creativecommons.org/licenses/by-nc/4.0/legalcode,J. C. Ortiz|W. Venegas,1.0,,,0,rata_gris
5132434484,2439261,Rattus norvegicus,"Rattus norvegicus (Berkenhout, 1769)",-38.0168,-73.224694,,1998-05-21,1998.0,5.0,21.0,Región del Biobío,Contulmo,PRESERVED_SPECIMEN,PRESENT,Museo de Zoología de la Universidad de Concepción (MZUC-UCCC),UCCC_MZUC_MAM,Colección de la Clase Mammalia (Orden Rodentia) del Museo de Zoología de la Universidad de Concepción,0156513b-1751-4675-8753-0703a0fbfbf0,http://creativecommons.org/licenses/by-nc/4.0/legalcode,J. C. Ortiz,1.0,,,0,rata_gris
5132434516,2439261,Rattus norvegicus,"Rattus norvegicus (Berkenhout, 1769)",-38.0168,-73.224694,,1998-05-21,1998.0,5.0,21.0,Región del Biobío,Contulmo,PRESERVED_SPECIMEN,PRESENT,Museo de Zoología de la Universidad de Concepción (MZUC-UCCC),UCCC_MZUC_MAM,Colección de la Clase Mammalia (Orden Rodentia) del Museo de Zoología de la Universidad de Concepción,0156513b-1751-4675-8753-0703a0fbfbf0,http://creativecommons.org/licenses/by-nc/4.0/legalcode,J. C. Ortiz,1.0,,,0,rata_gris
5132434517,2439261,Rattus norvegicus,"Rattus norvegicus (Berkenhout, 1769)",-38.0168,-73.224694,,1998-05-21,1998.0,5.0,21.0,Región del Biobío,Contulmo,PRESERVED_SPECIMEN,PRESENT,Museo de Zoología de la Universidad de Concepción (MZUC-UCCC),UCCC_MZUC_MAM,Colección de la Clase Mammalia (Orden Rodentia) del Museo de Zoología de la Universidad de Concepción,0156513b-1751-4675-8753-0703a0fbfbf0,http://creativecommons.org/licenses/by-nc/4.0/legalcode,J. C. Ortiz,1.0,,,0,rata_gris
5132434518,2439261,Rattus norvegicus,"Rattus norvegicus (Berkenhout, 1769)",-38.0168,-73.224694,,1998-05-21,1998.0,5.0,21.0,Región del Biobío,Contulmo,PRESERVED_SPECIMEN,PRESENT,Museo de Zoología de la Universidad de Concepción (MZUC-UCCC),UCCC_MZUC_MAM,Colección de la Clase Mammalia (Orden Rodentia) del Museo de Zoología de la Universidad de Concepción,0156513b-1751-4675-8753-0703a0fbfbf0,http://creativecommons.org/licenses/by-nc/4.0/legalcode,J. C. Ortiz,1.0,,,0,rata_gris
5132434519,2439261,Rattus norvegicus,"Rattus norvegicus (Berkenhout, 1769)",-38.0168,-73.224694,,1998-05-21,1998.0,5.0,21.0,Región del Biobío,Contulmo,PRESERVED_SPECIMEN,PRESENT,Museo de Zoología de la Universidad de Concepción (MZUC-UCCC),UCCC_MZUC_MAM,Colección de la Clase Mammalia (Orden Rodentia) del Museo de Zoología de la Universidad de Concepción,0156513b-1751-4675-8753-0703a0fbfbf0,http://creativecommons.org/licenses/by-nc/4.0/legalcode,J. C. Ortiz,1.0,,,0,rata_gris
5132434520,2439261,Rattus norvegicus,"Rattus norvegicus (Berkenhout, 1769)",-38.0168,-73.224694,,1998-05-21,1998.0,5.0,21.0,Región del Biobío,Contulmo,PRESERVED_SPECIMEN,PRESENT,Museo de Zoología de la Universidad de Concepción (MZUC-UCCC),UCCC_MZUC_MAM,Colección de la Clase Mammalia (Orden Rodentia) del Museo de Zoología de la Universidad de Concepción,0156513b-1751-4675-8753-0703a0fbfbf0,http://creativecommons.org/licenses/by-nc/4.0/legalcode,J. C. Ortiz,1.0,,,0,rata_gris
5132434522,2439261,Rattus norvegicus,"Rattus norvegicus (Berkenhout, 1769)",-38.0168,-73.224694,,1998-05-21,1998.0,5.0,21.0,Región del Biobío,Contulmo,PRESERVED_SPECIMEN,PRESENT,Museo de Zoología de la Universidad de Concepción (MZUC-UCCC),UCCC_MZUC_MAM,Colección de la Clase Mammalia (Orden Rodentia) del Museo de Zoología de la Universidad de Concepción,0156513b-1751-4675-8753-0703a0fbfbf0,http://creativecommons.org/licenses/by-nc/4.0/legalcode,J. C. Ortiz,1.0,,,0,rata_gris
5132434532,2439261,Rattus norvegicus,"Rattus norvegicus (Berkenhout, 1769)",-38.0168,-73.224694,,1998-05-21,1998.0,5.0,21.0,Región del Biobío,Contulmo,PRESERVED_SPECIMEN,PRESENT,Museo de Zoología de la Universidad de Concepción (MZUC-UCCC),UCCC_MZUC_MAM,Colección de la Clase Mammalia (Orden Rodentia) del Museo de Zoología de la Universidad de Concepción,0156513b-1751-4675-8753-0703a0fbfbf0,http://creativecommons.org/licenses/by-nc/4.0/legalcode,J. C. Ortiz,1.0,,,0,rata_gris
5132434538,2439261,Rattus norvegicus,"Rattus norvegicus (Berkenhout, 1769)",-38.0168,-73.224694,,1998-05-21,1998.0,5.0,21.0,Región del Biobío,Contulmo,PRESERVED_SPECIMEN,PRESENT,Museo de Zoología de la Universidad de Concepción (MZUC-UCCC),UCCC_MZUC_MAM,Colección de la Clase Mammalia (Orden Rodentia) del Museo de Zoología de la Universidad de Concepción,0156513b-1751-4675-8753-0703a0fbfbf0,http://creativecommons.org/licenses/by-nc/4.0/legalcode,J. C. Ortiz,1.0,,,0,rata_gris
5132434568,2439261,Rattus norvegicus,"Rattus norvegicus (Berkenhout, 1769)",-36.881185,-73.033458,,1998-05-29,1998.0,5.0,29.0,Región del Biobío,Villuco,PRESERVED_SPECIMEN,PRESENT,Museo de Zoología de la Universidad de Concepción (MZUC-UCCC),UCCC_MZUC_MAM,Colección de la Clase Mammalia (Orden Rodentia) del Museo de Zoología de la Universidad de Concepción,0156513b-1751-4675-8753-0703a0fbfbf0,http://creativecommons.org/licenses/by-nc/4.0/legalcode,J. C. Ortiz,1.0,,,0,rata_gris
5132434569,2439261,Rattus norvegicus,"Rattus norvegicus (Berkenhout, 1769)",-36.790548,-73.104453,,1998-05-10,1998.0,5.0,10.0,Región del Biobío,Hualpén,PRESERVED_SPECIMEN,PRESENT,Museo de Zoología de la Universidad de Concepción (MZUC-UCCC),UCCC_MZUC_MAM,Colección de la Clase Mammalia (Orden Rodentia) del Museo de Zoología de la Universidad de Concepción,0156513b-1751-4675-8753-0703a0fbfbf0,http://creativecommons.org/licenses/by-nc/4.0/legalcode,J. C. Ortiz,1.0,,,0,rata_gris
665855427,2439261,Rattus norvegicus,"Rattus norvegicus (Berkenhout, 1769)",-41.966667,-72.566666,,1987-05-22,1987.0,5.0,22.0,Los Lagos,"Rio Negro, 11.1 km WNW Rio Negro",PRESERVED_SPECIMEN,PRESENT,FMNH,Mammals,,41fc5c40-5e81-496f-9733-6b5681b3b7a5,http://creativecommons.org/publicdomain/zero/1.0/legalcode,P. L. Meserve,1.0,,,0,rata_gris
665884132,2439261,Rattus norvegicus,"Rattus norvegicus (Berkenhout, 1769)",-40.916668,-72.883331,,1986-05-14,1986.0,5.0,14.0,Los Lagos,"Osorno, 43 km SSE & Pto. Octay, 5.5 km NNE",PRESERVED_SPECIMEN,PRESENT,FMNH,Mammals,,41fc5c40-5e81-496f-9733-6b5681b3b7a5,http://creativecommons.org/publicdomain/zero/1.0/legalcode,D. A. Kelt,1.0,,,0,rata_gris
665755916,2439261,Rattus norvegicus,"Rattus norvegicus (Berkenhout, 1769)",-40.566666,-73.150001,,1985-09-27,1985.0,9.0,27.0,Los Lagos,"Osorno, domestic residence",PRESERVED_SPECIMEN,PRESENT,FMNH,Mammals,,41fc5c40-5e81-496f-9733-6b5681b3b7a5,http://creativecommons.org/publicdomain/zero/1.0/legalcode,D. A. Kelt,1.0,,,0,rata_gris
5209098460,2439261,Rattus norvegicus,"Rattus norvegicus (Berkenhout, 1769)",-45.4,-72.6833,,1985,1985.0,,,Aisén del Gral. Carlos Ibañez del Campo,Ambigua; Puerto Aysén,HUMAN_OBSERVATION,PRESENT,SIBA_UMAG,Mamíferos-terrestres_literatura,"Diversidad potencial de mamíferos terrestres en el Sistema de Información en Biodiversidad para Aysén (SIB-Aysén), Chile",672f9690-c711-45fe-8e64-c582d79f5ffe,http://creativecommons.org/licenses/by-nc/4.0/legalcode,,,,http://rchn.biologiachile.cl/pdfs/1994/2/Kelt_1994.pdf,1,rata_gris
665721128,2439261,Rattus norvegicus,"Rattus norvegicus (Berkenhout, 1769)",-43.883335,-73.816666,,1984-01-27,1984.0,1.0,27.0,Aisen,"I Ascension, W of Melinka",PRESERVED_SPECIMEN,PRESENT,FMNH,Mammals,,41fc5c40-5e81-496f-9733-6b5681b3b7a5,http://creativecommons.org/publicdomain/zero/1.0/legalcode,B. D. Patterson,1.0,,,0,rata_gris
665721129,2439261,Rattus norvegicus,"Rattus norvegicus (Berkenhout, 1769)",-43.883335,-73.816666,,1984-01-27,1984.0,1.0,27.0,Aisen,"I Ascension, W of Melinka",PRESERVED_SPECIMEN,PRESENT,FMNH,Mammals,,41fc5c40-5e81-496f-9733-6b5681b3b7a5,http://creativecommons.org/publicdomain/zero/1.0/legalcode,B. D. Patterson,1.0,,,0,rata_gris
665721130,2439261,Rattus norvegicus,"Rattus norvegicus (Berkenhout, 1769)",-43.883335,-73.816666,,1984-01-27,1984.0,1.0,27.0,Aisen,"I Ascension, W of Melinka",PRESERVED_SPECIMEN,PRESENT,FMNH,Mammals,,41fc5c40-5e81-496f-9733-6b5681b3b7a5,http://creativecommons.org/publicdomain/zero/1.0/legalcode,B. D. Patterson,1.0,,,0,rata_gris
665721131,2439261,Rattus norvegicus,"Rattus norvegicus (Berkenhout, 1769)",-43.883335,-73.816666,,1984-01-27,1984.0,1.0,27.0,Aisen,"I Ascension, W of Melinka",PRESERVED_SPECIMEN,PRESENT,FMNH,Mammals,,41fc5c40-5e81-496f-9733-6b5681b3b7a5,http://creativecommons.org/publicdomain/zero/1.0/legalcode,B. D. Patterson,1.0,,,0,rata_gris
665721134,2439261,Rattus norvegicus,"Rattus norvegicus (Berkenhout, 1769)",-43.883335,-73.816666,,1984-01-30,1984.0,1.0,30.0,Aisen,"I Ascension, W of Melinka",PRESERVED_SPECIMEN,PRESENT,FMNH,Mammals,,41fc5c40-5e81-496f-9733-6b5681b3b7a5,http://creativecommons.org/publicdomain/zero/1.0/legalcode,B. D. Patterson,1.0,,,0,rata_gris
665726614,2439261,Rattus norvegicus,"Rattus norvegicus (Berkenhout, 1769)",-43.933334,-73.699997,,1984-01-16,1984.0,1.0,16.0,Aisen,I Gunther,PRESERVED_SPECIMEN,PRESENT,FMNH,Mammals,,41fc5c40-5e81-496f-9733-6b5681b3b7a5,http://creativecommons.org/publicdomain/zero/1.0/legalcode,B. D. Patterson,1.0,,,0,rata_gris
665726615,2439261,Rattus norvegicus,"Rattus norvegicus (Berkenhout, 1769)",-43.933334,-73.699997,,1984-01-17,1984.0,1.0,17.0,Aisen,I Gunther,PRESERVED_SPECIMEN,PRESENT,FMNH,Mammals,,41fc5c40-5e81-496f-9733-6b5681b3b7a5,http://creativecommons.org/publicdomain/zero/1.0/legalcode,B. D. Patterson,1.0,,,0,rata_gris
665864554,2439261,Rattus norvegicus,"Rattus norvegicus (Berkenhout, 1769)",-43.816666,-74.0,,1984-01-07,1984.0,1.0,7.0,Aisen,"I Gran Guaiteca; Pto Low in Ba. Low, N shore",PRESERVED_SPECIMEN,PRESENT,FMNH,Mammals,,41fc5c40-5e81-496f-9733-6b5681b3b7a5,http://creativecommons.org/publicdomain/zero/1.0/legalcode,B. D. Patterson,1.0,,,0,rata_gris
665864555,2439261,Rattus norvegicus,"Rattus norvegicus (Berkenhout, 1769)",-43.816666,-74.0,,1984-01-07,1984.0,1.0,7.0,Aisen,"I Gran Guaiteca; Pto Low in Ba. Low, N shore",PRESERVED_SPECIMEN,PRESENT,FMNH,Mammals,,41fc5c40-5e81-496f-9733-6b5681b3b7a5,http://creativecommons.org/publicdomain/zero/1.0/legalcode,B. D. Patterson,1.0,,,0,rata_gris
665864556,2439261,Rattus norvegicus,"Rattus norvegicus (Berkenhout, 1769)",-43.816666,-74.0,,1984-01-08,1984.0,1.0,8.0,Aisen,"I Gran Guaiteca; Pto Low in Ba. Low, N shore",PRESERVED_SPECIMEN,PRESENT,FMNH,Mammals,,41fc5c40-5e81-496f-9733-6b5681b3b7a5,http://creativecommons.org/publicdomain/zero/1.0/legalcode,B. D. Patterson,1.0,,,0,rata_gris
665864557,2439261,Rattus norvegicus,"Rattus norvegicus (Berkenhout, 1769)",-43.816666,-74.0,,1984-01-12,1984.0,1.0,12.0,Aisen,"I Gran Guaiteca; Pto Low in Ba. Low, N shore",PRESERVED_SPECIMEN,PRESENT,FMNH,Mammals,,41fc5c40-5e81-496f-9733-6b5681b3b7a5,http://creativecommons.org/publicdomain/zero/1.0/legalcode,B. D. Patterson,1.0,,,0,rata_gris
665721135,2439261,Rattus norvegicus,"Rattus norvegicus (Berkenhout, 1769)",-43.883335,-73.816666,,1984-02-01,1984.0,2.0,1.0,Aisen,"I Ascension, W of Melinka",PRESERVED_SPECIMEN,PRESENT,FMNH,Mammals,,41fc5c40-5e81-496f-9733-6b5681b3b7a5,http://creativecommons.org/publicdomain/zero/1.0/legalcode,B. D. Patterson,1.0,,,0,rata_gris
5132434905,2439261,Rattus norvegicus,"Rattus norvegicus (Berkenhout, 1769)",-36.790556,-73.145833,,1976-07-21,1976.0,7.0,21.0,Región del Biobío,Hualpén,PRESERVED_SPECIMEN,PRESENT,Museo de Zoología de la Universidad de Concepción (MZUC-UCCC),UCCC_MZUC_MAM,Colección de la Clase Mammalia (Orden Rodentia) del Museo de Zoología de la Universidad de Concepción,0156513b-1751-4675-8753-0703a0fbfbf0,http://creativecommons.org/licenses/by-nc/4.0/legalcode,A. Quezada,1.0,,,0,rata_gris
5132434906,2439261,Rattus norvegicus,"Rattus norvegicus (Berkenhout, 1769)",-36.790556,-73.145833,,1976-11-03,1976.0,11.0,3.0,Región del Biobío,Hualpén,PRESERVED_SPECIMEN,PRESENT,Museo de Zoología de la Universidad de Concepción (MZUC-UCCC),UCCC_MZUC_MAM,Colección de la Clase Mammalia (Orden Rodentia) del Museo de Zoología de la Universidad de Concepción,0156513b-1751-4675-8753-0703a0fbfbf0,http://creativecommons.org/licenses/by-nc/4.0/legalcode,S. Figueroa,1.0,,,0,rata_gris
5132434916,2439261,Rattus norvegicus,"Rattus norvegicus (Berkenhout, 1769)",-36.618141,-72.083048,,1976-11-05,1976.0,11.0,5.0,Región de Ñuble,Shangri La,PRESERVED_SPECIMEN,PRESENT,Museo de Zoología de la Universidad de Concepción (MZUC-UCCC),UCCC_MZUC_MAM,Colección de la Clase Mammalia (Orden Rodentia) del Museo de Zoología de la Universidad de Concepción,0156513b-1751-4675-8753-0703a0fbfbf0,http://creativecommons.org/licenses/by-nc/4.0/legalcode,S. Figueroa,1.0,,,0,rata_gris
665892357,2439261,Rattus norvegicus,"Rattus norvegicus (Berkenhout, 1769)",-33.349998,-70.599998,,1975-09-08,1975.0,9.0,8.0,Santiago,"Cerro Manquehue, 2 1/2 km NE",PRESERVED_SPECIMEN,PRESENT,FMNH,Mammals,,41fc5c40-5e81-496f-9733-6b5681b3b7a5,http://creativecommons.org/publicdomain/zero/1.0/legalcode,R. E. Martin,1.0,,,0,rata_gris
5132434617,2439261,Rattus norvegicus,"Rattus norvegicus (Berkenhout, 1769)",-36.826111,-73.040556,,1973-01-12,1973.0,1.0,12.0,Región del Biobío,Escuela de Medicina,PRESERVED_SPECIMEN,PRESENT,Museo de Zoología de la Universidad de Concepción (MZUC-UCCC),UCCC_MZUC_MAM,Colección de la Clase Mammalia (Orden Rodentia) del Museo de Zoología de la Universidad de Concepción,0156513b-1751-4675-8753-0703a0fbfbf0,http://creativecommons.org/licenses/by-nc/4.0/legalcode,W. Venegas,1.0,,,0,rata_gris
5132434615,2439261,Rattus norvegicus,"Rattus norvegicus (Berkenhout, 1769)",-36.612454,-72.186123,,1973-08-14,1973.0,8.0,14.0,Región de Ñuble,Puente El Aserradero,PRESERVED_SPECIMEN,PRESENT,Museo de Zoología de la Universidad de Concepción (MZUC-UCCC),UCCC_MZUC_MAM,Colección de la Clase Mammalia (Orden Rodentia) del Museo de Zoología de la Universidad de Concepción,0156513b-1751-4675-8753-0703a0fbfbf0,http://creativecommons.org/licenses/by-nc/4.0/legalcode,D. Reise,1.0,,,0,rata_gris
5132434944,2439261,Rattus norvegicus,"Rattus norvegicus (Berkenhout, 1769)",-36.293661,-71.648711,,1972-03-23,1972.0,3.0,23.0,Región del Biobío,Castillo,PRESERVED_SPECIMEN,PRESENT,Museo de Zoología de la Universidad de Concepción (MZUC-UCCC),UCCC_MZUC_MAM,Colección de la Clase Mammalia (Orden Rodentia) del Museo de Zoología de la Universidad de Concepción,0156513b-1751-4675-8753-0703a0fbfbf0,http://creativecommons.org/licenses/by-nc/4.0/legalcode,T. Cekalovic,1.0,,,0,rata_gris
202098002,2439261,Rattus norvegicus,"Rattus norvegicus (Berkenhout, 1769)",-39.573,-71.499082,301.0,1971-03-25,1971.0,3.0,25.0,Cautin,2 km E Laguna Quillelhue,PRESERVED_SPECIMEN,PRESENT,OMNH,Mammals,,84aefc7e-f762-11e1-a439-00145eb45e9a,http://creativecommons.org/publicdomain/zero/1.0/legalcode,"Greer, J. K.",,,,0,rata_gris
5132434929,2439261,Rattus norvegicus,"Rattus norvegicus (Berkenhout, 1769)",-36.826111,-73.040556,,1970-04-22,1970.0,4.0,22.0,Región del Biobío,Escuela de Medicina,PRESERVED_SPECIMEN,PRESENT,Museo de Zoología de la Universidad de Concepción (MZUC-UCCC),UCCC_MZUC_MAM,Colección de la Clase Mammalia (Orden Rodentia) del Museo de Zoología de la Universidad de Concepción,0156513b-1751-4675-8753-0703a0fbfbf0,http://creativecommons.org/licenses/by-nc/4.0/legalcode,G. Sanhueza,1.0,,,0,rata_gris
5132434930,2439261,Rattus norvegicus,"Rattus norvegicus (Berkenhout, 1769)",-36.826111,-73.040556,,1970-04-22,1970.0,4.0,22.0,Región del Biobío,Escuela de Medicina,PRESERVED_SPECIMEN,PRESENT,Museo de Zoología de la Universidad de Concepción (MZUC-UCCC),UCCC_MZUC_MAM,Colección de la Clase Mammalia (Orden Rodentia) del Museo de Zoología de la Universidad de Concepción,0156513b-1751-4675-8753-0703a0fbfbf0,http://creativecommons.org/licenses/by-nc/4.0/legalcode,G. Sanhueza,1.0,,,0,rata_gris
5132434931,2439261,Rattus norvegicus,"Rattus norvegicus (Berkenhout, 1769)",-36.826111,-73.040556,,1970-04-22,1970.0,4.0,22.0,Región del Biobío,Escuela de Medicina,PRESERVED_SPECIMEN,PRESENT,Museo de Zoología de la Universidad de Concepción (MZUC-UCCC),UCCC_MZUC_MAM,Colección de la Clase Mammalia (Orden Rodentia) del Museo de Zoología de la Universidad de Concepción,0156513b-1751-4675-8753-0703a0fbfbf0,http://creativecommons.org/licenses/by-nc/4.0/legalcode,G. Sanhueza,1.0,,,0,rata_gris
5132434932,2439261,Rattus norvegicus,"Rattus norvegicus (Berkenhout, 1769)",-36.826111,-73.040556,,1970-04-22,1970.0,4.0,22.0,Región del Biobío,Escuela de Medicina,PRESERVED_SPECIMEN,PRESENT,Museo de Zoología de la Universidad de Concepción (MZUC-UCCC),UCCC_MZUC_MAM,Colección de la Clase Mammalia (Orden Rodentia) del Museo de Zoología de la Universidad de Concepción,0156513b-1751-4675-8753-0703a0fbfbf0,http://creativecommons.org/licenses/by-nc/4.0/legalcode,G. Sanhueza,1.0,,,0,rata_gris
5132434933,2439261,Rattus norvegicus,"Rattus norvegicus (Berkenhout, 1769)",-36.826111,-73.040556,,1970-04-22,1970.0,4.0,22.0,Región del Biobío,Escuela de Medicina,PRESERVED_SPECIMEN,PRESENT,Museo de Zoología de la Universidad de Concepción (MZUC-UCCC),UCCC_MZUC_MAM,Colección de la Clase Mammalia (Orden Rodentia) del Museo de Zoología de la Universidad de Concepción,0156513b-1751-4675-8753-0703a0fbfbf0,http://creativecommons.org/licenses/by-nc/4.0/legalcode,G. Sanhueza,1.0,,,0,rata_gris
5132434785,2439261,Rattus norvegicus,"Rattus norvegicus (Berkenhout, 1769)",-36.826944,-73.050194,,1962-06-15,1962.0,6.0,15.0,Región del Biobío,Concepción,PRESERVED_SPECIMEN,PRESENT,Museo de Zoología de la Universidad de Concepción (MZUC-UCCC),UCCC_MZUC_MAM,Colección de la Clase Mammalia (Orden Rodentia) del Museo de Zoología de la Universidad de Concepción,0156513b-1751-4675-8753-0703a0fbfbf0,http://creativecommons.org/licenses/by-nc/4.0/legalcode,L. A. Benedetto,1.0,,,0,rata_gris
919444766,2439261,Rattus norvegicus,"Rattus norvegicus (Berkenhout, 1769)",-37.853696,-72.6524382,4986.0,1961-04-20,1961.0,4.0,20.0,La Araucanía,"El Vergel, 5 km S Angol",PRESERVED_SPECIMEN,PRESENT,MSU,MR,,22a66350-7947-4a49-84a3-39c7c1b0881f,http://creativecommons.org/publicdomain/zero/1.0/legalcode,John Keever Greer,,,,0,rata_gris
919434138,2439261,Rattus norvegicus,"Rattus norvegicus (Berkenhout, 1769)",-37.853696,-72.6524382,4986.0,1961-09-08,1961.0,9.0,8.0,La Araucanía,"El Vergel, 5 km S Angol",PRESERVED_SPECIMEN,PRESENT,MSU,MR,,22a66350-7947-4a49-84a3-39c7c1b0881f,http://creativecommons.org/publicdomain/zero/1.0/legalcode,John Keever Greer,,,,0,rata_gris
919439975,2439261,Rattus norvegicus,"Rattus norvegicus (Berkenhout, 1769)",-37.8,-72.71667,4301.0,1950-09-04,1950.0,9.0,4.0,La Araucanía,Angol,PRESERVED_SPECIMEN,PRESENT,MSU,MR,,22a66350-7947-4a49-84a3-39c7c1b0881f,http://creativecommons.org/publicdomain/zero/1.0/legalcode,Dillman S. Bullock,,,,0,rata_gris
919417814,2439261,Rattus norvegicus,"Rattus norvegicus (Berkenhout, 1769)",-37.8,-72.71667,4301.0,1948-06-15,1948.0,6.0,15.0,La Araucanía,Angol,PRESERVED_SPECIMEN,PRESENT,MSU,MR,,22a66350-7947-4a49-84a3-39c7c1b0881f,http://creativecommons.org/publicdomain/zero/1.0/legalcode,Dillman S. Bullock,,,,0,rata_gris
5132434782,2439261,Rattus norvegicus,"Rattus norvegicus (Berkenhout, 1769)",-39.289444,-71.935556,,1942-05-10,1942.0,5.0,10.0,Región de La Araucanía,Cucurrahue,PRESERVED_SPECIMEN,PRESENT,Museo de Zoología de la Universidad de Concepción (MZUC-UCCC),UCCC_MZUC_MAM,Colección de la Clase Mammalia (Orden Rodentia) del Museo de Zoología de la Universidad de Concepción,0156513b-1751-4675-8753-0703a0fbfbf0,http://creativecommons.org/licenses/by-nc/4.0/legalcode,L. A. Benedetto,1.0,,,0,rata_gris
6393444327,2439261,Rattus norvegicus,"Rattus norvegicus (Berkenhout, 1769)",-38.7363,-72.5974,,1919-08-03,1919.0,8.0,3.0,Araucania,Temuco,PRESERVED_SPECIMEN,PRESENT,NRM,Mammals,,f7b77040-0c64-11dd-84d1-b8a03c50a862,http://creativecommons.org/licenses/by/4.0/legalcode,,,,,0,rata_gris
919420220,2439261,Rattus norvegicus,"Rattus norvegicus (Berkenhout, 1769)",-38.7870265,-72.6191374,3850.0,1907-04-27,1907.0,4.0,27.0,,"Maguehue, Temuco",PRESERVED_SPECIMEN,PRESENT,MSU,MR,,22a66350-7947-4a49-84a3-39c7c1b0881f,http://creativecommons.org/publicdomain/zero/1.0/legalcode,Dillman S. Bullock,,,,0,rata_gris
5132435096,2439261,Rattus norvegicus,"Rattus norvegicus (Berkenhout, 1769)",-36.618141,-72.083048,,,,,,Región de Ñuble,Shangri La,PRESERVED_SPECIMEN,PRESENT,Museo de Zoología de la Universidad de Concepción (MZUC-UCCC),UCCC_MZUC_MAM,Colección de la Clase Mammalia (Orden Rodentia) del Museo de Zoología de la Universidad de Concepción,0156513b-1751-4675-8753-0703a0fbfbf0,http://creativecommons.org/licenses/by-nc/4.0/legalcode,,1.0,,,0,rata_gris
6391493752,2439261,Rattus norvegicus,"Rattus norvegicus (Berkenhout, 1769)",-32.793293,-70.904854,,,,,,Valparaiso,No registrada,HUMAN_OBSERVATION,PRESENT,CNX,,KIM753_A2_BD_Fauna_Integrada,404482d2-574b-402e-b120-0445a4241c45,http://creativecommons.org/licenses/by-nc/4.0/legalcode,JBR,1.0,,,0,rata_gris
