binomio,class,family,invasora,habitat,registros,zonas,nombre_comun
Bombus terrestris,Insecta,Apidae,True,terrestrial,1020,26,abejorro europeo
Harmonia axyridis,Insecta,Coccinellidae,False,terrestrial,783,22,chinita asiática
Columba livia,Aves,Columbidae,False,terrestrial,750,26,paloma doméstica
Molothrus bonariensis,Aves,Icteridae,True,terrestrial,674,21,mirlo / tordo renegrido
Eschscholzia californica,Magnoliopsida,Papaveraceae,True,terrestrial,599,20,amapola de California
Myiopsitta monachus,Aves,Psittacidae,True,terrestrial,579,11,cotorra argentina
Passer domesticus,Aves,Passeridae,False,terrestrial,496,25,gorrión
Callipepla californica,Aves,Odontophoridae,False,terrestrial,354,17,codorniz de California
Acacia dealbata,Magnoliopsida,Fabaceae,True,terrestrial,332,19,aromo australiano
Cornu aspersum,Gastropoda,Helicidae,True,terrestrial,309,19,caracol de jardín
Nicotiana glauca,Magnoliopsida,Solanaceae,True,terrestrial,296,10,palqui / tabaco cimarrón
Verbascum virgatum,Magnoliopsida,Scrophulariaceae,False,terrestrial,211,18,verbasco
Cichorium intybus,Magnoliopsida,Asteraceae,True,terrestrial,201,19,chicoria
Acacia melanoxylon,Magnoliopsida,Fabaceae,False,terrestrial,200,16,aromo negro
Conium maculatum,Magnoliopsida,Apiaceae,False,terrestrial,200,20,cicuta
Trifolium repens,Magnoliopsida,Fabaceae,False,terrestrial,197,22,trébol blanco
Oryctolagus cuniculus,Mammalia,Leporidae,True,terrestrial,183,12,conejo europeo
Bubulcus ibis,Aves,Ardeidae,True,terrestrial|freshwater,182,22,garza boyera
Galega officinalis,Magnoliopsida,Fabaceae,False,terrestrial,174,15,galega
Linepithema humile,Insecta,Formicidae,False,terrestrial,165,9,hormiga argentina
Tropaeolum majus,Magnoliopsida,Tropaeolaceae,False,terrestrial,164,11,
Vinca major,Magnoliopsida,Apocynaceae,False,terrestrial,164,16,
Papaver somniferum,Magnoliopsida,Papaveraceae,False,terrestrial,163,14,
Silybum marianum,Magnoliopsida,Asteraceae,False,terrestrial,160,17,cardo mariano
Ricinus communis,Magnoliopsida,Euphorbiaceae,True,terrestrial,150,11,
Vespula germanica,Insecta,Vespidae,True,terrestrial,148,17,avispa chaqueta amarilla
Canis lupus,Mammalia,Canidae,False,terrestrial,143,20,
Datura stramonium,Magnoliopsida,Solanaceae,False,terrestrial,141,14,
Teline monspessulana,Magnoliopsida,Fabaceae,True,terrestrial,139,8,
Rubus ulmifolius,Magnoliopsida,Rosaceae,True,terrestrial,138,15,zarzamora
Oxalis pes-caprae,Liliopsida,Oxalidaceae,True,terrestrial,137,8,
Foeniculum vulgare,Magnoliopsida,Apiaceae,False,terrestrial,130,17,hinojo
Convolvulus arvensis,Magnoliopsida,Convolvulaceae,False,terrestrial,127,17,
Felis catus,Mammalia,Felidae,True,terrestrial,124,15,
Taraxacum officinale,Magnoliopsida,Asteraceae,True,terrestrial,121,18,diente de león
Urtica urens,Magnoliopsida,Urticaceae,False,terrestrial,120,10,
Bellis perennis,Magnoliopsida,Asteraceae,True,terrestrial,119,8,
Lupinus arboreus,Magnoliopsida,Fabaceae,True,terrestrial,118,8,
Cirsium vulgare,Magnoliopsida,Asteraceae,True,terrestrial,116,20,
Robinia pseudoacacia,Magnoliopsida,Fabaceae,False,terrestrial,110,10,
Veronica persica,Magnoliopsida,Plantaginaceae,False,terrestrial,110,14,
Phyla canescens,Magnoliopsida,Verbenaceae,False,terrestrial,109,10,
Euphorbia peplus,Magnoliopsida,Euphorbiaceae,False,terrestrial,105,17,
Plantago lanceolata,Magnoliopsida,Plantaginaceae,True,terrestrial,103,20,llantén
Ailanthus altissima,Magnoliopsida,Simaroubaceae,False,terrestrial,98,6,árbol del cielo
Cynara cardunculus,Magnoliopsida,Asteraceae,False,terrestrial,96,8,
Cairina moschata,Aves,Anatidae,False,terrestrial|freshwater,94,9,
Malva dendromorpha,Magnoliopsida,Malvaceae,False,terrestrial,90,11,
Anagallis arvensis,Magnoliopsida,Primulaceae,True,terrestrial,89,10,
Fumaria agraria,Magnoliopsida,Papaveraceae,False,terrestrial,88,7,
Capsella bursa-pastoris,Magnoliopsida,Brassicaceae,True,terrestrial,85,12,
Erodium cicutarium,Magnoliopsida,Geraniaceae,False,terrestrial,82,8,alfilerillo
Digitalis purpurea,Magnoliopsida,Plantaginaceae,False,terrestrial,81,12,
Echium plantagineum,Magnoliopsida,Boraginaceae,True,terrestrial,80,8,
Trachemys scripta,Reptilia,Emydidae,False,terrestrial|freshwater,79,7,
Cymbalaria muralis,Magnoliopsida,Plantaginaceae,False,terrestrial,79,10,
Ulex europaeus,Magnoliopsida,Fabaceae,True,terrestrial,75,6,espinillo
Amaryllis belladonna,Liliopsida,Amaryllidaceae,False,terrestrial,71,10,
Echium vulgare,Magnoliopsida,Boraginaceae,False,terrestrial,70,12,
Chrysanthemum coronarium,Magnoliopsida,Asteraceae,True,terrestrial,67,6,
Lycalopex griseus,Mammalia,Canidae,False,terrestrial,67,15,
Fumaria capreolata,Magnoliopsida,Papaveraceae,False,terrestrial,66,17,flor de la culebra
Achillea millefolium,Magnoliopsida,Asteraceae,True,terrestrial,66,12,
Rosa rubiginosa,Magnoliopsida,Rosaceae,False,terrestrial,65,14,rosa mosqueta
Ranunculus repens,Magnoliopsida,Ranunculaceae,True,terrestrial,64,10,
Veronica anagallis-aquatica,Magnoliopsida,Plantaginaceae,False,terrestrial|freshwater,64,16,
Pinus radiata,Pinopsida,Pinaceae,True,terrestrial,63,10,pino insigne
Trifolium pratense,Liliopsida,Fabaceae,False,terrestrial,62,15,
Modiola caroliniana,Magnoliopsida,Malvaceae,False,terrestrial,61,14,
Portulaca oleracea,Magnoliopsida,Portulacaceae,False,terrestrial,61,9,
Eucalyptus globulus,Magnoliopsida,Myrtaceae,True,terrestrial,61,12,
Stellaria media,Magnoliopsida,Caryophyllaceae,False,terrestrial,60,9,
Plantago major,Magnoliopsida,Plantaginaceae,True,terrestrial,60,15,
Marrubium vulgare,Magnoliopsida,Lamiaceae,True,terrestrial,59,10,
Cotula coronopifolia,Magnoliopsida,Asteraceae,False,terrestrial,59,7,
Nothoprocta perdicaria,Aves,Tinamidae,False,terrestrial,58,8,
Verbascum thapsus,Magnoliopsida,Scrophulariaceae,True,terrestrial,58,10,
Prunella vulgaris,Magnoliopsida,Lamiaceae,False,terrestrial,54,9,
Melilotus indicus,Magnoliopsida,Fabaceae,False,terrestrial,54,10,trébol de olor
Erodium moschatum,Magnoliopsida,Geraniaceae,False,terrestrial,53,10,
Mesembryanthemum crystallinum,Magnoliopsida,Aizoaceae,False,terrestrial,53,4,
Silene gallica,Magnoliopsida,Caryophyllaceae,False,terrestrial,52,10,
Cyprinus carpio,Actinopterygii,Cyprinidae,True,freshwater,50,9,
Carduus pycnocephalus,Magnoliopsida,Asteraceae,True,terrestrial,50,8,
Xenopus laevis,Amphibia,Pipidae,True,terrestrial|freshwater,49,5,rana africana
Hordeum murinum,Liliopsida,Poaceae,False,terrestrial,49,13,
Phoracantha recurva,Insecta,Cerambycidae,False,terrestrial,48,14,
Raphanus sativus,Magnoliopsida,Brassicaceae,True,terrestrial,47,13,
Medicago sativa,Magnoliopsida,Fabaceae,False,terrestrial,47,12,
Cichlasoma facetum,Actinopterygii,Cichlidae,True,freshwater,47,7,
Crocosmia crocosmiiflora,Liliopsida,Iridaceae,False,terrestrial,45,7,
Lobularia maritima,Magnoliopsida,Brassicaceae,False,terrestrial,45,11,
Chamomilla suaveolens,Magnoliopsida,Asteraceae,True,terrestrial,44,12,
Lupinus polyphyllus,Magnoliopsida,Fabaceae,False,terrestrial,44,2,
Raphanus raphanistrum,Magnoliopsida,Brassicaceae,True,terrestrial,42,13,
Lamium amplexicaule,Magnoliopsida,Lamiaceae,False,terrestrial,41,10,
Calystegia sepium,Magnoliopsida,Solanaceae,False,terrestrial,41,9,
Alnus glutinosa,Magnoliopsida,Betulaceae,False,terrestrial,41,9,
Hirschfeldia incana,Magnoliopsida,Brassicaceae,False,terrestrial,40,10,
Senecio vulgaris,Magnoliopsida,Asteraceae,False,terrestrial,40,15,
Limnobium laevigatum,Liliopsida,Hydrocharitaceae,False,freshwater,40,6,
Oenothera rosea,Magnoliopsida,Onagraceae,True,terrestrial,39,7,
Medicago lupulina,Magnoliopsida,Fabaceae,True,terrestrial,39,9,
Tanacetum parthenium,Magnoliopsida,Asteraceae,False,terrestrial,39,12,
Borago officinalis,Magnoliopsida,Boraginaceae,True,terrestrial,38,11,
Bombus ruderatus,Insecta,Apidae,True,terrestrial,38,15,
Salix babylonica,Magnoliopsida,Salicaceae,False,terrestrial,37,13,sauce llorón
Phoracantha semipunctata,Insecta,Cerambycidae,False,terrestrial,36,8,
Anthriscus caucalis,Magnoliopsida,Apiaceae,True,terrestrial,36,5,
Calendula officinalis,Magnoliopsida,Asteraceae,True,terrestrial,36,12,
Centaurea solstitialis,Magnoliopsida,Asteraceae,True,terrestrial,35,2,
Galium aparine,Magnoliopsida,Rubiaceae,False,terrestrial,35,12,
Chenopodium album,Magnoliopsida,Chenopodiaceae,True,terrestrial,35,9,
Acacia karroo,Magnoliopsida,Fabaceae,False,terrestrial,35,7,
Malva parviflora,Magnoliopsida,Malvaceae,True,terrestrial,35,10,
Equus caballus,Mammalia,Equidae,False,terrestrial,35,14,
Bidens aurea,Magnoliopsida,Asteraceae,False,terrestrial,34,12,
Mirabilis jalapa,Magnoliopsida,Nyctaginaceae,False,terrestrial,34,9,
Rapistrum rugosum,Magnoliopsida,Brassicaceae,True,terrestrial,33,7,
Briza maxima,Liliopsida,Poaceae,True,terrestrial,33,7,
Daucus carota,Magnoliopsida,Apiaceae,False,terrestrial,33,7,
Medicago polymorpha,Magnoliopsida,Fabaceae,False,terrestrial,33,9,hualputra
Oxalis articulata,Magnoliopsida,Oxalidaceae,True,terrestrial,33,10,
Oxalis corniculata,Liliopsida,Oxalidaceae,False,terrestrial,33,10,
Zantedeschia aethiopica,Liliopsida,Araceae,False,terrestrial|freshwater,32,13,
Xanthium catharticum,Magnoliopsida,Asteraceae,False,terrestrial,31,9,
Euphorbia helioscopia,Magnoliopsida,Euphorbiaceae,False,terrestrial,30,6,
Parietaria judaica,Magnoliopsida,Urticaceae,True,terrestrial,30,6,
Cynoglossum creticum,Magnoliopsida,Boraginaceae,False,terrestrial,28,5,
Hypericum androsaemum,Magnoliopsida,Hypericaceae,False,terrestrial,27,7,
Chamomilla recutita,Magnoliopsida,Asteraceae,True,terrestrial,27,8,
Linum bienne,Magnoliopsida,Linaceae,False,terrestrial,27,7,
Sisymbrium irio,Magnoliopsida,Brassicaceae,False,terrestrial,27,4,
Rumex acetosella,Magnoliopsida,Polygonaceae,False,terrestrial,27,9,
Lamarckia aurea,Liliopsida,Poaceae,False,terrestrial,27,7,
Parentucellia viscosa,Magnoliopsida,Orobanchaceae,False,terrestrial,27,10,
Centaurea melitensis,Magnoliopsida,Asteraceae,True,terrestrial,26,3,
Cyperus eragrostis,Liliopsida,Cyperaceae,False,terrestrial|freshwater,26,5,
Polygonum aviculare,Magnoliopsida,Polygonaceae,False,terrestrial,25,6,
Mentha pulegium,Magnoliopsida,Lamiaceae,True,terrestrial,25,8,
Hypericum perforatum,Magnoliopsida,Hypericaceae,True,terrestrial,25,6,
Chenopodium murale,Liliopsida,Chenopodiaceae,True,terrestrial,25,9,
Soleirolia soleirolii,Magnoliopsida,Rosaceae,False,terrestrial,25,9,
Cytisus scoparius,Magnoliopsida,Fabaceae,True,terrestrial,24,7,
Hypochaeris radicata,Magnoliopsida,Asteraceae,False,terrestrial,24,11,
Galenia pubescens,Magnoliopsida,Aizoaceae,False,terrestrial,24,4,
Erodium malacoides,Magnoliopsida,Geraniaceae,False,terrestrial,24,5,
Dactylis glomerata,Liliopsida,Poaceae,False,terrestrial,24,10,
Vicia sativa,Magnoliopsida,Fabaceae,False,terrestrial,23,8,
Melissa officinalis,Magnoliopsida,Lamiaceae,True,terrestrial,23,10,
Eichhornia crassipes,Liliopsida,Pontederiaceae,False,freshwater,23,3,
Physalis peruviana,Magnoliopsida,Solanaceae,True,terrestrial,23,7,
Lactuca serriola,Magnoliopsida,Asteraceae,False,terrestrial,23,3,
Populus nigra,Magnoliopsida,Salicaceae,False,terrestrial,23,9,
Tetragonia tetragonoides,Magnoliopsida,Aizoaceae,False,terrestrial,22,3,
Trifolium dubium,Liliopsida,Fabaceae,False,terrestrial,22,8,
Capra hircus,Mammalia,Bovidae,True,terrestrial,22,6,
Rattus norvegicus,Mammalia,Muridae,True,terrestrial,22,11,rata gris
Cotula australis,Magnoliopsida,Asteraceae,False,terrestrial,22,6,
Bartsia trixago,Magnoliopsida,Orobanchaceae,False,terrestrial,21,5,
Bos taurus,Mammalia,Bovidae,True,terrestrial,21,9,
Arundo donax,Liliopsida,Poaceae,True,terrestrial,21,6,
Sherardia arvensis,Magnoliopsida,Rubiaceae,False,terrestrial,21,8,
Lepus europaeus,Mammalia,Leporidae,True,terrestrial,21,10,
Ondatra zibethicus,Mammalia,Muridae,False,terrestrial|freshwater,21,1,
Cynodon dactylon,Liliopsida,Poaceae,True,terrestrial,21,7,
Erigeron karvinskianus,Magnoliopsida,Asteraceae,True,terrestrial,20,10,
Tradescantia fluminensis,Liliopsida,Commelinaceae,False,terrestrial,20,5,
Dipsacus sativus,Magnoliopsida,Dipsacaceae,False,terrestrial,20,5,
Melilotus albus,Magnoliopsida,Fabaceae,True,terrestrial,20,7,
Veronica serpyllifolia,Magnoliopsida,Plantaginaceae,False,terrestrial,19,7,
Ranunculus muricatus,Magnoliopsida,Ranunculaceae,True,terrestrial,18,6,
Solanum marginatum,Magnoliopsida,Solanaceae,False,terrestrial,18,6,
Picris echioides,Magnoliopsida,Asteraceae,False,terrestrial,18,5,
Amaranthus deflexus,Magnoliopsida,Amaranthaceae,False,terrestrial,18,5,
Arctotheca calendula,Magnoliopsida,Asteraceae,True,terrestrial,17,2,
Trifolium fragiferum,Magnoliopsida,Fabaceae,False,terrestrial,17,5,
Medicago arabica,Magnoliopsida,Fabaceae,False,terrestrial,17,7,
Chrysanthemoides monilifera,Magnoliopsida,Asteraceae,False,terrestrial,17,1,
Leucanthemum vulgare,Magnoliopsida,Asteraceae,True,terrestrial,17,9,
Beta vulgaris,Magnoliopsida,Chenopodiaceae,False,terrestrial,17,6,
Poa annua,Liliopsida,Poaceae,False,terrestrial,16,10,
Euphorbia lathyris,Magnoliopsida,Euphorbiaceae,False,terrestrial,16,7,
Lotus corniculatus,Magnoliopsida,Fabaceae,True,terrestrial,16,8,
Nymphaea alba,Magnoliopsida,Nymphaeaceae,False,freshwater,16,3,
Briza minor,Liliopsida,Poaceae,True,terrestrial,15,4,
Lapsana communis,Magnoliopsida,Asteraceae,False,terrestrial,15,7,
Paroaria coronata,Aves,Emberizidae,False,terrestrial,15,2,
Trifolium angustifolium,Magnoliopsida,Fabaceae,False,terrestrial,14,5,
Bidens pilosa,Magnoliopsida,Asteraceae,False,terrestrial,14,3,
Candidula intersecta,Gastropoda,Hygromiidae,False,terrestrial,14,2,
Sanguisorba minor,Magnoliopsida,Rosaceae,False,terrestrial,14,3,
Tribulus terrestris,Magnoliopsida,Zygophyllaceae,True,terrestrial,14,4,
Duchesnea indica,Magnoliopsida,Rosaceae,False,terrestrial,14,4,
Helianthus tuberosus,Magnoliopsida,Asteraceae,False,terrestrial,13,5,
Centaurea calcitrapa,Magnoliopsida,Asteraceae,True,terrestrial,13,4,
Viola odorata,Magnoliopsida,Violaceae,False,terrestrial,13,5,
Ulmus minor,Magnoliopsida,Ulmaceae,False,terrestrial,13,4,
Juncus effusus,Liliopsida,Juncaceae,False,terrestrial|freshwater,12,7,
Geranium molle,Magnoliopsida,Geraniaceae,False,terrestrial,12,7,
Petrorhagia dubia,Magnoliopsida,Caryophyllaceae,True,terrestrial,12,3,
Malva sylvestris,Magnoliopsida,Malvaceae,True,terrestrial,12,5,
Bromus catharticus,Liliopsida,Poaceae,False,terrestrial,12,8,
Lagurus ovatus,Liliopsida,Poaceae,False,terrestrial,12,3,
Lactuca virosa,Magnoliopsida,Asteraceae,False,terrestrial,12,4,
Rumex obtusifolius,Magnoliopsida,Polygonaceae,True,terrestrial,12,9,
Ipomoea purpurea,Magnoliopsida,Convolvulaceae,False,terrestrial,11,5,
Veronica arvensis,Magnoliopsida,Plantaginaceae,False,terrestrial,11,6,
Ceratitis capitata,Insecta,Tephritidae,False,terrestrial,11,2,
Trifolium tomentosum,Magnoliopsida,Fabaceae,False,terrestrial,11,5,
Rattus rattus,Mammalia,Muridae,True,terrestrial,11,6,rata negra
Salmo trutta,Actinopterygii,Salmonidae,True,freshwater|brackish|marine,10,4,
Gambusia holbrooki,Actinopterygii,Poeciliidae,True,freshwater|brackish,10,5,
Sisymbrium orientale,Magnoliopsida,Brassicaceae,False,terrestrial,10,3,
Rumex crispus,Magnoliopsida,Polygonaceae,False,terrestrial,10,7,
Brassica rapa,Magnoliopsida,Brassicaceae,True,terrestrial,10,8,yuyo
Papaver rhoeas,Magnoliopsida,Papaveraceae,True,terrestrial,10,7,
Crassula tillaea,Magnoliopsida,Crassulaceae,False,terrestrial,10,3,
Cirsium arvense,Magnoliopsida,Asteraceae,True,terrestrial,10,1,
Geranium purpureum,Magnoliopsida,Geraniaceae,False,terrestrial,10,4,
Lychnis coronaria,Magnoliopsida,Caryophyllaceae,False,terrestrial,9,6,
Lolium perenne,Liliopsida,Poaceae,False,terrestrial,9,8,ballica
Linaria texana,Magnoliopsida,Plantaginaceae,False,terrestrial,9,1,
Malva assurgentiflora,Magnoliopsida,Malvaceae,False,terrestrial,9,5,
Nicotiana tabacum,Liliopsida,Solanaceae,False,terrestrial,9,6,
Egeria densa,Liliopsida,Hydrocharitaceae,True,freshwater,9,2,
Salsola kali,Magnoliopsida,Chenopodiaceae,False,terrestrial,9,5,
Polypogon viridis,Liliopsida,Poaceae,True,terrestrial,9,6,
Sonchus asper,Magnoliopsida,Asteraceae,False,terrestrial,8,4,
Pennisetum villosum,Liliopsida,Poaceae,True,terrestrial,8,3,
Lythrum salicaria,Magnoliopsida,Lythraceae,True,terrestrial|freshwater,8,1,
Plantago coronopus,Magnoliopsida,Plantaginaceae,False,terrestrial,8,3,
Cytisus striatus,Magnoliopsida,Fabaceae,False,terrestrial,8,4,
Mesembryanthemum nodiflorum,Magnoliopsida,Aizoaceae,False,terrestrial,8,5,
Apium nodiflorum,Magnoliopsida,Apiaceae,True,terrestrial,8,3,
Carduus nutans,Magnoliopsida,Asteraceae,True,terrestrial,8,1,
Bugula neritina,Gymnolaemata,Bugulidae,True,marine,8,3,
Trifolium campestre,Magnoliopsida,Fabaceae,False,terrestrial,7,2,
Matthiola incana,Magnoliopsida,Brassicaceae,False,terrestrial,7,3,
Typha domingensis,Liliopsida,Typhaceae,False,terrestrial|freshwater|brackish,7,4,
Sambucus nigra,Magnoliopsida,Adoxaceae,False,terrestrial,7,4,
Oxychilus alliarius,Gastropoda,Zonitidae,False,terrestrial,7,6,
Viola arvensis,Magnoliopsida,Violaceae,False,terrestrial,7,3,
Trifolium subterraneum,Magnoliopsida,Fabaceae,False,terrestrial,7,1,
Trifolium glomeratum,Magnoliopsida,Fabaceae,False,terrestrial,7,4,
Oncorhynchus mykiss,Actinopterygii,Salmonidae,True,freshwater|brackish|marine,7,5,
Linum usitatissimum,Magnoliopsida,Linaceae,False,terrestrial,7,5,
Eucalyptus camaldulensis,Magnoliopsida,Myrtaceae,False,terrestrial,7,3,
Atriplex semibaccata,Magnoliopsida,Chenopodiaceae,True,terrestrial,7,2,
Cardaria draba,Magnoliopsida,Brassicaceae,True,terrestrial,7,3,
Avena barbata,Liliopsida,Poaceae,False,terrestrial,7,4,teatina
Chenopodium vulvaria,Magnoliopsida,Chenopodiaceae,True,terrestrial,7,1,
Alisma plantago-aquatica,Liliopsida,Alismataceae,False,freshwater,7,5,
Geranium dissectum,Magnoliopsida,Geraniaceae,False,terrestrial,6,4,
Trifolium incarnatum,Magnoliopsida,Fabaceae,False,terrestrial,6,4,
Malva nicaeensis,Magnoliopsida,Malvaceae,True,terrestrial,6,4,
Misopates orontium,Magnoliopsida,Plantaginaceae,False,terrestrial,6,2,
Sedum acre,Magnoliopsida,Crassulaceae,False,terrestrial,6,1,
Senecio angulatus,Magnoliopsida,Asteraceae,False,terrestrial,6,3,
Kickxia elatine,Magnoliopsida,Plantaginaceae,False,terrestrial,6,3,
Holcus lanatus,Liliopsida,Poaceae,False,terrestrial,6,6,
Vicia villosa,Magnoliopsida,Fabaceae,False,terrestrial,6,5,
Phasianus colchicus,Aves,Phasianidae,False,terrestrial,6,2,
Pseudognaphalium luteoalbum,Magnoliopsida,Asteraceae,False,terrestrial,6,5,
Brassica oleracea,Magnoliopsida,Brassicaceae,True,terrestrial,6,4,
Brassica napus,Magnoliopsida,Brassicaceae,True,terrestrial,6,3,
Anthemis cotula,Magnoliopsida,Asteraceae,True,terrestrial,6,2,
Nicotiana sylvestris,Magnoliopsida,Solanaceae,False,terrestrial,6,2,
Eruca vesicaria,Magnoliopsida,Brassicaceae,False,terrestrial,5,4,
Digitaria sanguinalis,Liliopsida,Poaceae,True,terrestrial,5,2,
Malva neglecta,Magnoliopsida,Malvaceae,False,terrestrial,5,1,
Saponaria officinalis,Magnoliopsida,Caryophyllaceae,False,terrestrial,5,4,
Solanum pseudocapsicum,Magnoliopsida,Solanaceae,False,terrestrial,5,3,
Spartium junceum,Magnoliopsida,Fabaceae,False,terrestrial,5,3,
Spergularia marina,Magnoliopsida,Caryophyllaceae,False,terrestrial,5,4,
Asphodelus fistulosus,Liliopsida,Xanthorrhoeaceae,True,terrestrial,5,2,
Carthamus lanatus,Magnoliopsida,Asteraceae,True,terrestrial,5,4,
Chamaemelum mixtum,Magnoliopsida,Asteraceae,True,terrestrial,5,1,
Lythrum hyssopifolia,Magnoliopsida,Lythraceae,True,terrestrial|freshwater,5,3,
Lupinus angustifolius,Magnoliopsida,Fabaceae,True,terrestrial,5,4,
Lophochloa cristata,Liliopsida,Poaceae,False,terrestrial,5,5,
Mus musculus,Mammalia,Muridae,True,terrestrial,5,4,ratón doméstico
Juncus bufonius,Liliopsida,Juncaceae,False,terrestrial|freshwater,5,4,
Icerya purchasi,Insecta,Margarodidae,True,host,5,3,
Casuarina equisetifolia,Magnoliopsida,Casuarinaceae,False,terrestrial,4,3,
Ruta chalepensis,Magnoliopsida,Rutaceae,False,terrestrial,4,3,
Datura ferox,Magnoliopsida,Solanaceae,False,terrestrial,4,3,
Polycarpon tetraphyllum,Magnoliopsida,Caryophyllaceae,False,terrestrial,4,3,
Ranunculus sceleratus,Magnoliopsida,Ranunculaceae,True,terrestrial,4,3,
Cnesterodon decemmaculatus,Actinopterygii,Poeciliidae,False,freshwater|brackish,4,3,
Reseda luteola,Magnoliopsida,Resedaceae,False,terrestrial,4,2,
Rumex pulcher,Magnoliopsida,Polygonaceae,False,terrestrial,4,2,
Scrophularia auriculata,Magnoliopsida,Scrophulariaceae,False,terrestrial,4,3,
Scabiosa atropurpurea,Magnoliopsida,Dipsacaceae,False,terrestrial,4,3,
Myosotis latifolia,Magnoliopsida,Boraginaceae,False,terrestrial,4,3,
Sesuvium portulacastrum,Magnoliopsida,Aizoaceae,False,terrestrial,4,2,
Cardamine hirsuta,Magnoliopsida,Brassicaceae,False,terrestrial,4,1,
Sisymbrium officinale,Magnoliopsida,Brassicaceae,False,terrestrial,4,3,
Solanum radicans,Magnoliopsida,Solanaceae,False,terrestrial,4,1,
Spergularia rubra,Magnoliopsida,Caryophyllaceae,False,terrestrial,4,3,
Aira caryophyllea,Liliopsida,Poaceae,False,terrestrial,4,2,
Erodium botrys,Magnoliopsida,Geraniaceae,False,terrestrial,4,3,
Abutilon grandifolium,Magnoliopsida,Malvaceae,False,terrestrial,4,3,
Fumaria parviflora,Magnoliopsida,Papaveraceae,False,terrestrial,4,1,
Fraxinus excelsior,Magnoliopsida,Oleaceae,False,terrestrial,4,3,
Ornithopus compressus,Magnoliopsida,Fabaceae,False,terrestrial,4,2,
Fallopia japonica,Magnoliopsida,Polygonaceae,False,terrestrial,4,1,
Hieracium pilosella,Magnoliopsida,Asteraceae,False,terrestrial,3,1,
Chenopodium ficifolium,Magnoliopsida,Chenopodiaceae,True,terrestrial,3,2,
Tanacetum vulgare,Magnoliopsida,Asteraceae,False,terrestrial,3,3,
Sus scrofa,Mammalia,Suidae,True,terrestrial,3,3,jabalí
Crepis capillaris,Magnoliopsida,Asteraceae,False,terrestrial,3,3,
Bromus sterilis,Liliopsida,Poaceae,True,terrestrial,3,1,
Coriandrum sativum,Magnoliopsida,Apiaceae,False,terrestrial,3,3,
Parentucellia latifolia,Magnoliopsida,Orobanchaceae,False,terrestrial,3,1,
Mentha piperita,Magnoliopsida,Lamiaceae,True,terrestrial,3,2,
Botryllus schlosseri,Ascidiacea,Styelidae,False,marine,3,2,
Isatis tinctoria,Magnoliopsida,Brassicaceae,False,terrestrial,3,1,
Lepidium bonariense,Magnoliopsida,Brassicaceae,True,terrestrial,3,3,
Rumex longifolius,Magnoliopsida,Polygonaceae,False,terrestrial,3,3,
Galinsoga parviflora,Magnoliopsida,Asteraceae,False,terrestrial,3,2,
Scolymus hispanicus,Magnoliopsida,Asteraceae,False,terrestrial,3,1,
Cerastium arvense,Magnoliopsida,Caryophyllaceae,True,terrestrial,3,1,
Salvia verbenaca,Magnoliopsida,Lamiaceae,False,terrestrial,3,2,
Lolium multiflorum,Liliopsida,Poaceae,False,terrestrial,3,3,
Centaurea cyanus,Magnoliopsida,Asteraceae,False,terrestrial,3,3,
Hesperis matronalis,Magnoliopsida,Brassicaceae,False,terrestrial,3,1,
Equus asinus,Mammalia,Equidae,False,terrestrial,3,2,
Physalis viscosa,Magnoliopsida,Solanaceae,True,terrestrial,3,2,
Anoda cristata,Magnoliopsida,Malvaceae,True,terrestrial,3,2,
Artemisia absinthium,Magnoliopsida,Asteraceae,False,terrestrial,3,1,
Datura innoxia,Magnoliopsida,Solanaceae,False,terrestrial,3,2,
Trifolium spadiceum,Magnoliopsida,Fabaceae,False,terrestrial,3,1,
Amaranthus cruentus,Magnoliopsida,Amaranthaceae,False,terrestrial,3,2,
Pinus contorta,Pinopsida,Pinaceae,True,terrestrial,3,2,
Lotus tenuis,Magnoliopsida,Fabaceae,False,terrestrial,3,3,
Lythrum maritimum,Magnoliopsida,Lythraceae,False,terrestrial|freshwater,2,1,
Geranium robertianum,Magnoliopsida,Geraniaceae,False,terrestrial,2,2,
Amaranthus retroflexus,Magnoliopsida,Amaranthaceae,True,terrestrial,2,2,
Maireana brevifolia,Magnoliopsida,Chenopodiaceae,False,terrestrial,2,2,
Agrostis stolonifera,Liliopsida,Poaceae,True,terrestrial,2,1,
Hibiscus trionum,Magnoliopsida,Malvaceae,False,terrestrial,2,2,
Urospermum picroides,Magnoliopsida,Asteraceae,False,terrestrial,2,1,
Acacia visco,Magnoliopsida,Fabaceae,False,terrestrial,2,2,
Aquilegia vulgaris,Magnoliopsida,Ranunculaceae,False,terrestrial,2,2,
Tolpis barbata,Magnoliopsida,Asteraceae,False,terrestrial,2,2,
Caprella scaura,Malacostraca,Caprellidae,False,marine,2,1,
Pastinaca sativa,Magnoliopsida,Apiaceae,True,terrestrial,2,2,
Carassius auratus,Actinopterygii,Cyprinidae,True,freshwater,2,1,
Thlaspi arvense,Magnoliopsida,Brassicaceae,False,terrestrial,2,1,
Arrhenatherum elatius,Magnoliopsida,Rosaceae,False,terrestrial,2,2,
Bugula flabellata,Gymnolaemata,Bugulidae,True,marine,2,1,
Sorghum halepense,Liliopsida,Poaceae,True,terrestrial,2,2,
Spergula arvensis,Magnoliopsida,Caryophyllaceae,False,terrestrial,2,2,
Spergularia media,Magnoliopsida,Caryophyllaceae,False,terrestrial,2,2,
Bromus hordeaceus,Liliopsida,Poaceae,True,terrestrial,2,2,
Salvia guaranitica,Magnoliopsida,Lamiaceae,False,terrestrial,2,1,
Atriplex prostrata,Magnoliopsida,Chenopodiaceae,False,terrestrial,2,1,
Trifolium arvense,Magnoliopsida,Fabaceae,False,terrestrial,2,2,
Avena sativa,Liliopsida,Poaceae,False,terrestrial,2,2,
Stellaria pallida,Magnoliopsida,Caryophyllaceae,False,terrestrial,2,1,
Pennisetum clandestinum,Liliopsida,Poaceae,True,terrestrial,2,1,
Centaurium pulchellum,Magnoliopsida,Gentianaceae,False,terrestrial,2,1,
Cynoglossum limense,Magnoliopsida,Boraginaceae,False,terrestrial,2,1,
Crassostrea gigas,Bivalvia,Ostreidae,True,marine,2,1,
Euphorbia platyphyllos,Magnoliopsida,Euphorbiaceae,False,terrestrial,2,2,
Cyperus rotundus,Liliopsida,Cyperaceae,True,terrestrial|freshwater,2,2,
Rosa canina,Magnoliopsida,Rosaceae,False,terrestrial,2,2,
Chenopodium multifidum,Magnoliopsida,Chenopodiaceae,True,terrestrial,2,2,
Myosotis discolor,Magnoliopsida,Boraginaceae,False,terrestrial,2,2,
Epilobium obscurum,Magnoliopsida,Onagraceae,False,terrestrial,2,2,
Polypogon monspeliensis,Liliopsida,Poaceae,False,terrestrial,2,2,
Phalaris canariensis,Liliopsida,Poaceae,True,terrestrial|freshwater,2,2,
Hypochaeris glabra,Magnoliopsida,Hypericaceae,False,terrestrial,2,2,
Atriplex nummularia,Magnoliopsida,Chenopodiaceae,False,terrestrial,1,1,
Arenaria serpyllifolia,Magnoliopsida,Caryophyllaceae,True,terrestrial,1,1,
Trifolium hybridum,Magnoliopsida,Fabaceae,False,terrestrial,1,1,
Atriplex suberecta,Magnoliopsida,Chenopodiaceae,False,terrestrial,1,1,
Poa pratensis,Liliopsida,Poaceae,False,terrestrial,1,1,
Poa compressa,Liliopsida,Poaceae,False,terrestrial,1,1,
Lotus angustissimus,Magnoliopsida,Fabaceae,False,terrestrial,1,1,
Herniaria cinerea,Magnoliopsida,Caryophyllaceae,False,terrestrial,1,1,
Asclepias curassavica,Magnoliopsida,Apocynaceae,False,terrestrial,1,1,
Myosotis laxa,Magnoliopsida,Boraginaceae,False,terrestrial,1,1,
Trifolium striatum,Magnoliopsida,Fabaceae,False,terrestrial,1,1,
Descurainia sophia,Magnoliopsida,Brassicaceae,False,terrestrial,1,1,
Dianthus armeria,Magnoliopsida,Caryophyllaceae,False,terrestrial,1,1,
Euphorbia maculata,Magnoliopsida,Euphorbiaceae,False,terrestrial,1,1,
Poa infirma,Liliopsida,Poaceae,False,terrestrial,1,1,
Anthoxanthum odoratum,Liliopsida,Poaceae,True,terrestrial,1,1,
Apium graveolens,Magnoliopsida,Apiaceae,False,terrestrial,1,1,
Bothriochloa saccharoides,Liliopsida,Poaceae,False,terrestrial,1,1,
Acacia macracantha,Magnoliopsida,Fabaceae,False,terrestrial,1,1,
Petunia parviflora,Magnoliopsida,Solanaceae,False,terrestrial,1,1,
Vulpia bromoides,Liliopsida,Poaceae,False,terrestrial,1,1,
Adiantum capillus-veneris,Polypodiopsida,Pteridaceae,True,terrestrial,1,1,
Agrostis gigantea,Liliopsida,Poaceae,True,terrestrial,1,1,
Phalaris minor,Liliopsida,Poaceae,True,terrestrial|freshwater,1,1,
Odontesthes bonariensis,Actinopterygii,Atherinopsidae,True,freshwater|brackish|marine,1,1,
Vicia benghalensis,Magnoliopsida,Fabaceae,False,terrestrial,1,1,
Allium vineale,Liliopsida,Amaryllidaceae,True,terrestrial,1,1,
Veronica beccabunga,Magnoliopsida,Plantaginaceae,False,terrestrial,1,1,
Phragmites australis,Liliopsida,Poaceae,False,terrestrial|freshwater,1,1,
Amaranthus viridis,Magnoliopsida,Amaranthaceae,False,terrestrial,1,1,
Echinochloa crus-galli,Liliopsida,Poaceae,False,terrestrial,1,1,
Anthemis arvensis,Magnoliopsida,Asteraceae,True,terrestrial,1,1,
Verbascum densiflorum,Magnoliopsida,Scrophulariaceae,False,terrestrial,1,1,
Oenothera glazioviana,Magnoliopsida,Onagraceae,False,terrestrial,1,1,
Draba verna,Magnoliopsida,Brassicaceae,False,terrestrial,1,1,
Barbarea verna,Magnoliopsida,Brassicaceae,False,terrestrial,1,1,
Tetramorium bicarinatum,Insecta,Formicidae,False,terrestrial,1,1,
Torilis nodosa,Magnoliopsida,Apiaceae,False,terrestrial,1,1,
Cervus elaphus,Mammalia,Cervidae,True,terrestrial,1,1,
Paratrechina longicornis,Insecta,Formicidae,False,terrestrial,1,1,
Orobanche minor,Magnoliopsida,Orobanchaceae,True,terrestrial,1,1,
Ciona intestinalis,Ascidiacea,Cionidae,True,marine,1,1,
Sisymbrium austriacum,Magnoliopsida,Brassicaceae,False,terrestrial,1,1,
Sirex noctilio,Insecta,Siricidae,True,terrestrial,1,1,
Rumex acetosa,Magnoliopsida,Polygonaceae,False,terrestrial,1,1,
Setaria viridis,Liliopsida,Poaceae,False,terrestrial,1,1,
Geranium pusillum,Magnoliopsida,Geraniaceae,False,terrestrial,1,1,
Senecio sylvaticus,Magnoliopsida,Asteraceae,False,terrestrial,1,1,
Cyperus laevigatus,Liliopsida,Cyperaceae,False,terrestrial|freshwater,1,1,
Hordeum jubatum,Liliopsida,Poaceae,False,terrestrial,1,1,
Jassa marmorata,Malacostraca,Ischyroceridae,False,marine,1,1,
Cerastium glomeratum,Magnoliopsida,Caryophyllaceae,True,terrestrial,1,1,
Panicum capillare,Liliopsida,Poaceae,True,terrestrial,1,1,
Sagina apetala,Magnoliopsida,Caryophyllaceae,False,terrestrial,1,1,
Miscanthus sinensis,Liliopsida,Poaceae,False,terrestrial,1,1,
Salmo salar,Actinopterygii,Salmonidae,False,freshwater|brackish|marine,1,1,
Samolus valerandi,Magnoliopsida,Primulaceae,False,terrestrial,1,1,
Coleostephus myconis,Magnoliopsida,Asteraceae,False,terrestrial,1,1,
Solanum nigrum,Magnoliopsida,Solanaceae,False,terrestrial,1,1,
Mentha aquatica,Magnoliopsida,Lamiaceae,True,terrestrial|freshwater,1,1,
Craspedacusta sowerbii,Hydrozoa,Olindiidae,False,freshwater,1,1,
Polygonum campanulatum,Magnoliopsida,Polygonaceae,False,terrestrial,1,1,
Cenchrus pauciflorus,Magnoliopsida,Poaceae,True,terrestrial,1,1,
Lolium temulentum,Liliopsida,Poaceae,False,terrestrial,1,1,
Cyperus alternifolius,Liliopsida,Cyperaceae,False,terrestrial|freshwater,1,1,
Cynosurus echinatus,Liliopsida,Poaceae,False,terrestrial,1,1,
Bromus erectus,Liliopsida,Poaceae,False,terrestrial,1,1,
Stenotaphrum secundatum,Liliopsida,Poaceae,False,terrestrial,1,1,
Potentilla reptans,Magnoliopsida,Rosaceae,True,terrestrial,1,1,
Culex quinquefasciatus,Insecta,Culicidae,False,terrestrial|freshwater,1,1,
Gossypium barbadense,Magnoliopsida,Malvaceae,False,terrestrial,1,1,
Logfia gallica,Magnoliopsida,Asteraceae,False,terrestrial,1,1,
Croton setiger,Magnoliopsida,Euphorbiaceae,False,terrestrial,1,1,
Levisticum officinale,Magnoliopsida,Apiaceae,False,terrestrial,1,1,
Fallopia convolvulus,Magnoliopsida,Polygonaceae,False,terrestrial,1,1,
Sonchus tenerrimus,Magnoliopsida,Asteraceae,False,terrestrial,1,1,
Bromus tectorum,Liliopsida,Poaceae,True,terrestrial,1,1,
Solanum sisymbriifolium,Magnoliopsida,Solanaceae,False,terrestrial,1,1,
Carcinus maenas,Malacostraca,Portunidae,False,marine,1,1,
