speciesKey,nombre_gbif,lat,lon,anio,region_gbif,licencia,foto_url,gbif_id
1340503,Bombus terrestris,-36.815692,-73.067755,2026,Bío-Bío,http://creativecommons.org/licenses/by-nc/4.0/legalcode,https://inaturalist-open-data.s3.amazonaws.com/photos/604828132/original.jpg,5938053291
1340503,Bombus terrestris,-53.146819,-70.917205,2026,Magallanes y Antártica Chilena,http://creativecommons.org/licenses/by-nc/4.0/legalcode,https://inaturalist-open-data.s3.amazonaws.com/photos/604482476/original.jpg,5938087030
1340503,Bombus terrestris,-34.425655,-72.047028,2026,Libertador General Bernardo O'Higgins,http://creativecommons.org/licenses/by-nc/4.0/legalcode,https://inaturalist-open-data.s3.amazonaws.com/photos/605119756/original.jpg,5938162934
4989904,Harmonia axyridis,-41.255005,-73.001656,2026,Los Lagos,http://creativecommons.org/licenses/by-nc/4.0/legalcode,https://inaturalist-open-data.s3.amazonaws.com/photos/605225749/original.jpg,5938112096
4989904,Harmonia axyridis,-36.815688,-73.067725,2026,Bío-Bío,http://creativecommons.org/licenses/by-nc/4.0/legalcode,https://inaturalist-open-data.s3.amazonaws.com/photos/605486410/original.jpg,5938155670
4989904,Harmonia axyridis,-33.455112,-70.589997,2026,Región Metropolitana de Santiago,http://creativecommons.org/licenses/by-nc/4.0/legalcode,https://inaturalist-open-data.s3.amazonaws.com/photos/604549587/original.jpg,5938156322
2495414,Columba livia,-30.026027,-70.728045,2026,Coquimbo,http://creativecommons.org/licenses/by-nc/4.0/legalcode,https://inaturalist-open-data.s3.amazonaws.com/photos/610440137/original.jpg,6129814404
2495414,Columba livia,-41.485436,-72.962718,2026,Los Lagos,http://creativecommons.org/licenses/by-nc/4.0/legalcode,https://inaturalist-open-data.s3.amazonaws.com/photos/607990316/original.jpg,6129880357
2495414,Columba livia,-36.815522,-73.030747,2026,Bío-Bío,http://creativecommons.org/licenses/by-nc/4.0/legalcode,https://inaturalist-open-data.s3.amazonaws.com/photos/608213547/original.jpg,6130177731
2484396,Molothrus bonariensis,-32.552556,-71.462202,2026,Valparaíso,http://creativecommons.org/licenses/by-nc/4.0/legalcode,https://inaturalist-open-data.s3.amazonaws.com/photos/605549264/original.jpg,5938073675
2484396,Molothrus bonariensis,-39.830842,-73.237703,2026,Los Ríos,http://creativecommons.org/licenses/by-nc/4.0/legalcode,https://inaturalist-open-data.s3.amazonaws.com/photos/606503507/original.jpg,6130115757
2484396,Molothrus bonariensis,-33.651656,-70.54705,2026,Región Metropolitana de Santiago,http://creativecommons.org/licenses/by/4.0/legalcode,https://inaturalist-open-data.s3.amazonaws.com/photos/605177804/original.jpg,6130234289
2888380,Eschscholzia californica,-32.580508,-71.455863,2026,Valparaíso,http://creativecommons.org/licenses/by-nc/4.0/legalcode,https://inaturalist-open-data.s3.amazonaws.com/photos/605164544/original.jpg,5938109971
2888380,Eschscholzia californica,-33.58638,-70.411812,2026,Región Metropolitana de Santiago,http://creativecommons.org/licenses/by-nc/4.0/legalcode,https://inaturalist-open-data.s3.amazonaws.com/photos/606589152/original.jpg,6129835348
2888380,Eschscholzia californica,-34.1199,-70.70945,2026,Libertador General Bernardo O'Higgins,http://creativecommons.org/licenses/by-nc/4.0/legalcode,https://inaturalist-open-data.s3.amazonaws.com/photos/607710864/original.jpg,6130442059
2479407,Myiopsitta monachus,-33.413483,-70.567688,2026,Región Metropolitana de Santiago,http://creativecommons.org/licenses/by-nc/4.0/legalcode,https://inaturalist-open-data.s3.amazonaws.com/photos/604663794/original.jpg,5938485664
2479407,Myiopsitta monachus,-33.438892,-70.523433,2026,Región Metropolitana de Santiago,http://creativecommons.org/publicdomain/zero/1.0/legalcode,https://inaturalist-open-data.s3.amazonaws.com/photos/609718126/original.jpg,6129837901
2479407,Myiopsitta monachus,-33.402797,-70.521904,2026,Región Metropolitana de Santiago,http://creativecommons.org/publicdomain/zero/1.0/legalcode,https://inaturalist-open-data.s3.amazonaws.com/photos/609718276/original.jpg,6129960853
5231190,Passer domesticus,-31.573258,-71.109597,2026,Coquimbo,http://creativecommons.org/licenses/by-nc/4.0/legalcode,https://inaturalist-open-data.s3.amazonaws.com/photos/605155563/original.jpg,5938052906
5231190,Passer domesticus,-36.834838,-72.431566,2026,Bío-Bío,http://creativecommons.org/licenses/by-nc/4.0/legalcode,https://inaturalist-open-data.s3.amazonaws.com/photos/604792602/original.jpg,5938305712
5231190,Passer domesticus,-41.259957,-73.003009,2026,Los Lagos,http://creativecommons.org/publicdomain/zero/1.0/legalcode,https://inaturalist-open-data.s3.amazonaws.com/photos/607782115/original.jpg,6129845903
5228080,Callipepla californica,-33.334659,-71.320128,2026,Región Metropolitana de Santiago,http://creativecommons.org/licenses/by-nc/4.0/legalcode,https://inaturalist-open-data.s3.amazonaws.com/photos/605708771/original.jpg,5938154989
5228080,Callipepla californica,-33.808517,-71.659216,2026,Valparaíso,http://creativecommons.org/licenses/by-nc/4.0/legalcode,https://inaturalist-open-data.s3.amazonaws.com/photos/605518492/original.jpg,5938210366
5228080,Callipepla californica,-33.03266,-71.148928,2026,Valparaíso,http://creativecommons.org/licenses/by-nc/4.0/legalcode,https://inaturalist-open-data.s3.amazonaws.com/photos/605400533/original.jpg,5938590326
2979474,Acacia dealbata,-39.551208,-72.030455,2026,Araucanía,http://creativecommons.org/licenses/by-nc/4.0/legalcode,https://inaturalist-open-data.s3.amazonaws.com/photos/607161781/original.jpg,6130732866
2979474,Acacia dealbata,-33.414662,-70.617203,2026,Región Metropolitana de Santiago,http://creativecommons.org/licenses/by/4.0/legalcode,https://inaturalist-open-data.s3.amazonaws.com/photos/605772928/original.jpg,6130784626
2979474,Acacia dealbata,-33.737583,-71.310417,2026,Región Metropolitana de Santiago,http://creativecommons.org/licenses/by/4.0/legalcode,https://inaturalist-open-data.s3.amazonaws.com/photos/621437328/original.jpg,6179192749
5858758,Cornu aspersum,-33.357655,-71.657105,2026,Valparaíso,http://creativecommons.org/licenses/by-nc/4.0/legalcode,https://inaturalist-open-data.s3.amazonaws.com/photos/605169229/original.jpg,5938189406
5858758,Cornu aspersum,-32.499058,-71.436409,2026,Valparaíso,http://creativecommons.org/licenses/by-nc/4.0/legalcode,https://inaturalist-open-data.s3.amazonaws.com/photos/605100409/original.jpg,5938514147
5858758,Cornu aspersum,-41.46654,-72.947851,2026,Los Lagos,http://creativecommons.org/licenses/by-nc/4.0/legalcode,https://inaturalist-open-data.s3.amazonaws.com/photos/610289348/original.jpg,6129910129
2928783,Nicotiana glauca,-33.375738,-70.551138,2026,Región Metropolitana de Santiago,http://creativecommons.org/licenses/by/4.0/legalcode,https://inaturalist-open-data.s3.amazonaws.com/photos/606512721/original.jpg,6129873507
2928783,Nicotiana glauca,-31.415652,-71.480149,2026,Coquimbo,http://creativecommons.org/licenses/by-nc/4.0/legalcode,https://inaturalist-open-data.s3.amazonaws.com/photos/608413307/original.jpg,6130289624
2928783,Nicotiana glauca,-32.992141,-71.524667,2026,Valparaíso,http://creativecommons.org/licenses/by-nc/4.0/legalcode,https://inaturalist-open-data.s3.amazonaws.com/photos/606520127/original.jpg,6130345503
3171954,Verbascum virgatum,-33.33453,-71.321808,2026,Región Metropolitana de Santiago,http://creativecommons.org/licenses/by-nc/4.0/legalcode,https://inaturalist-open-data.s3.amazonaws.com/photos/605644609/original.jpg,5938528689
3171954,Verbascum virgatum,-36.905142,-71.484232,2026,Bío-Bío,http://creativecommons.org/licenses/by-nc/4.0/legalcode,https://inaturalist-open-data.s3.amazonaws.com/photos/606895735/original.jpg,6130719357
3171954,Verbascum virgatum,-33.347493,-71.348291,2026,Región Metropolitana de Santiago,http://creativecommons.org/licenses/by-nc/4.0/legalcode,https://inaturalist-open-data.s3.amazonaws.com/photos/606669419/original.jpg,6130773254
5392252,Cichorium intybus,-40.570573,-73.148908,2026,Los Lagos,http://creativecommons.org/licenses/by-nc/4.0/legalcode,https://inaturalist-open-data.s3.amazonaws.com/photos/604899479/original.jpg,5938669658
5392252,Cichorium intybus,-33.586363,-70.411797,2026,Región Metropolitana de Santiago,http://creativecommons.org/licenses/by-nc/4.0/legalcode,https://inaturalist-open-data.s3.amazonaws.com/photos/607002979/original.jpg,6129993289
5392252,Cichorium intybus,-34.031104,-70.629906,2026,Libertador General Bernardo O'Higgins,http://creativecommons.org/licenses/by-nc/4.0/legalcode,https://inaturalist-open-data.s3.amazonaws.com/photos/606125566/original.jpg,6130431437
2979000,Acacia melanoxylon,-33.414879,-70.615306,2026,Región Metropolitana de Santiago,http://creativecommons.org/licenses/by/4.0/legalcode,https://inaturalist-open-data.s3.amazonaws.com/photos/605937655/original.jpg,6131594810
2979000,Acacia melanoxylon,-33.508672,-70.775587,2026,Región Metropolitana de Santiago,http://creativecommons.org/licenses/by-nc/4.0/legalcode,https://inaturalist-open-data.s3.amazonaws.com/photos/611644579/original.jpg,6133077488
2979000,Acacia melanoxylon,-36.757263,-72.959867,2026,Bío-Bío,http://creativecommons.org/licenses/by/4.0/legalcode,https://inaturalist-open-data.s3.amazonaws.com/photos/611277563/original.jpg,6133352396
3034807,Conium maculatum,-33.036743,-71.501358,2026,Valparaíso,http://creativecommons.org/licenses/by-nc/4.0/legalcode,https://inaturalist-open-data.s3.amazonaws.com/photos/614638663/original.jpg,6159282122
3034807,Conium maculatum,-32.884631,-71.503959,2026,Valparaíso,http://creativecommons.org/licenses/by-nc/4.0/legalcode,https://inaturalist-open-data.s3.amazonaws.com/photos/614949890/original.jpg,6159379861
3034807,Conium maculatum,-35.57504,-71.362534,2026,Maule,http://creativecommons.org/licenses/by-nc/4.0/legalcode,https://inaturalist-open-data.s3.amazonaws.com/photos/626299762/original.jpg,6185812998
5358748,Trifolium repens,-35.154053,-70.522711,2026,Maule,http://creativecommons.org/licenses/by/4.0/legalcode,https://inaturalist-open-data.s3.amazonaws.com/photos/610492086/original.jpg,6129953130
5358748,Trifolium repens,-39.799408,-73.206025,2026,Los Ríos,http://creativecommons.org/licenses/by-nc/4.0/legalcode,https://inaturalist-open-data.s3.amazonaws.com/photos/605924192/original.jpg,6129958604
5358748,Trifolium repens,-53.742668,-70.970094,2026,Magallanes y Antártica Chilena,http://creativecommons.org/licenses/by-nc/4.0/legalcode,https://inaturalist-open-data.s3.amazonaws.com/photos/607979569/original.jpg,6130119278
2436940,Oryctolagus cuniculus,-29.92136,-71.230549,2026,Coquimbo,http://creativecommons.org/licenses/by-nc/4.0/legalcode,https://inaturalist-open-data.s3.amazonaws.com/photos/605464693/original.jpg,5938331868
2436940,Oryctolagus cuniculus,-53.107267,-70.87928,2026,Magallanes y Antártica Chilena,http://creativecommons.org/licenses/by-nc/4.0/legalcode,https://inaturalist-open-data.s3.amazonaws.com/photos/607753625/original.jpg,6129893804
2436940,Oryctolagus cuniculus,-33.409172,-70.602097,2026,Región Metropolitana de Santiago,http://creativecommons.org/licenses/by-nc/4.0/legalcode,https://inaturalist-open-data.s3.amazonaws.com/photos/610334442/original.jpg,6129928769
2480830,Bubulcus ibis,-39.704608,-73.209489,2026,Los Ríos,http://creativecommons.org/licenses/by-nc/4.0/legalcode,https://inaturalist-open-data.s3.amazonaws.com/photos/608640517/original.jpg,6130345601
2480830,Bubulcus ibis,-33.622716,-71.626485,2026,Valparaíso,http://creativecommons.org/licenses/by-nc/4.0/legalcode,https://inaturalist-open-data.s3.amazonaws.com/photos/612308586/original.jpg,6133369693
2480830,Bubulcus ibis,-33.209949,-70.822989,2026,Región Metropolitana de Santiago,http://creativecommons.org/licenses/by-nc/4.0/legalcode,https://inaturalist-open-data.s3.amazonaws.com/photos/615281436/original.jpg,6159439671
2975667,Galega officinalis,-32.852067,-70.864028,2026,Valparaíso,http://creativecommons.org/licenses/by-nc/4.0/legalcode,https://inaturalist-open-data.s3.amazonaws.com/photos/604861476/original.jpg,5938050942
2975667,Galega officinalis,-36.843247,-73.076058,2026,Bío-Bío,http://creativecommons.org/licenses/by-nc/4.0/legalcode,https://inaturalist-open-data.s3.amazonaws.com/photos/604828904/original.jpg,5938280063
2975667,Galega officinalis,-40.570625,-73.148389,2026,Los Lagos,http://creativecommons.org/licenses/by-nc/4.0/legalcode,https://inaturalist-open-data.s3.amazonaws.com/photos/604894386/original.jpg,5938308018
1316908,Linepithema humile,-33.357608,-71.657203,2026,Valparaíso,http://creativecommons.org/licenses/by-nc/4.0/legalcode,https://inaturalist-open-data.s3.amazonaws.com/photos/605167332/original.jpg,5938440446
1316908,Linepithema humile,-33.453444,-70.563517,2026,Región Metropolitana de Santiago,http://creativecommons.org/licenses/by-nc/4.0/legalcode,https://inaturalist-open-data.s3.amazonaws.com/photos/604476549/original.jpg,5938501425
1316908,Linepithema humile,-33.720137,-71.625778,2026,Valparaíso,http://creativecommons.org/licenses/by/4.0/legalcode,https://inaturalist-open-data.s3.amazonaws.com/photos/609821936/original.jpg,6129854727
3169708,Vinca major,-33.028953,-71.55394,2026,Valparaíso,http://creativecommons.org/licenses/by/4.0/legalcode,https://inaturalist-open-data.s3.amazonaws.com/photos/607457521/original.jpg,6131476212
3169708,Vinca major,-33.040756,-71.378425,2026,Valparaíso,http://creativecommons.org/licenses/by-nc/4.0/legalcode,https://inaturalist-open-data.s3.amazonaws.com/photos/607915658/original.jpg,6178375725
3169708,Vinca major,-32.769274,-71.531444,2026,Valparaíso,http://creativecommons.org/licenses/by-nc/4.0/legalcode,https://inaturalist-open-data.s3.amazonaws.com/photos/617491545/original.jpg,6163244742
2889934,Tropaeolum majus,-36.814878,-73.067658,2026,Bío-Bío,http://creativecommons.org/licenses/by-nc/4.0/legalcode,https://inaturalist-open-data.s3.amazonaws.com/photos/607985079/original.jpg,6130668139
2889934,Tropaeolum majus,-32.931592,-71.536911,2026,Valparaíso,http://creativecommons.org/licenses/by-nc/4.0/legalcode,https://inaturalist-open-data.s3.amazonaws.com/photos/608728534/original.jpg,6130694137
2889934,Tropaeolum majus,-20.502107,-69.360913,2026,Tarapacá,http://creativecommons.org/licenses/by-nc/4.0/legalcode,https://inaturalist-open-data.s3.amazonaws.com/photos/606267579/original.jpg,6131118896
2888439,Papaver somniferum,-53.159473,-70.896511,2026,Magallanes y Antártica Chilena,http://creativecommons.org/licenses/by/4.0/legalcode,https://inaturalist-open-data.s3.amazonaws.com/photos/610209091/original.jpg,6130211302
2888439,Papaver somniferum,-51.732605,-72.494217,2026,Magallanes y Antártica Chilena,http://creativecommons.org/licenses/by-nc/4.0/legalcode,https://inaturalist-open-data.s3.amazonaws.com/photos/605119744/original.jpg,6130316658
2888439,Papaver somniferum,-53.154164,-70.891318,2026,Magallanes y Antártica Chilena,http://creativecommons.org/licenses/by/4.0/legalcode,https://inaturalist-open-data.s3.amazonaws.com/photos/609921304/original.jpg,6130740276
3145214,Silybum marianum,-36.75809,-72.966203,2026,Bío-Bío,http://creativecommons.org/licenses/by/4.0/legalcode,https://inaturalist-open-data.s3.amazonaws.com/photos/627718796/original.jpg,6184913904
3145214,Silybum marianum,-36.705428,-72.976895,2026,Bío-Bío,http://creativecommons.org/licenses/by/4.0/legalcode,https://inaturalist-open-data.s3.amazonaws.com/photos/632924568/original.jpg,6188187557
3145214,Silybum marianum,-33.434396,-70.628859,2026,Región Metropolitana de Santiago,http://creativecommons.org/licenses/by-nc/4.0/legalcode,https://inaturalist-open-data.s3.amazonaws.com/photos/642016346/original.jpg,6235214730
5380041,Ricinus communis,-32.85317,-70.864447,2026,Valparaíso,http://creativecommons.org/licenses/by-nc/4.0/legalcode,https://inaturalist-open-data.s3.amazonaws.com/photos/604866976/original.jpg,5938386071
5380041,Ricinus communis,-33.386772,-70.593342,2026,Región Metropolitana de Santiago,http://creativecommons.org/licenses/by-nc/4.0/legalcode,https://inaturalist-open-data.s3.amazonaws.com/photos/608780598/original.jpg,6129877394
5380041,Ricinus communis,-33.040061,-71.379105,2026,Valparaíso,http://creativecommons.org/licenses/by-nc/4.0/legalcode,https://inaturalist-open-data.s3.amazonaws.com/photos/607916058/original.jpg,6129893828
1311649,Vespula germanica,-33.666297,-71.639037,2026,Valparaíso,http://creativecommons.org/licenses/by/4.0/legalcode,https://inaturalist-open-data.s3.amazonaws.com/photos/609574104/original.jpg,6129875157
1311649,Vespula germanica,-41.174072,-72.447962,2026,Los Lagos,http://creativecommons.org/licenses/by-nc/4.0/legalcode,https://inaturalist-open-data.s3.amazonaws.com/photos/609103752/original.jpg,6130009760
1311649,Vespula germanica,-33.4399,-71.65155,2026,Valparaíso,http://creativecommons.org/licenses/by-nc/4.0/legalcode,https://inaturalist-open-data.s3.amazonaws.com/photos/606996033/original.jpg,6130180820
5219173,Canis lupus,-45.173241,-72.147066,2026,Aisén del General Carlos Ibáñez del Campo,http://creativecommons.org/licenses/by-nc/4.0/legalcode,https://inaturalist-open-data.s3.amazonaws.com/photos/606989625/original.jpg,6130453645
5219173,Canis lupus,-41.485229,-72.962942,2026,Los Lagos,http://creativecommons.org/licenses/by-nc/4.0/legalcode,https://inaturalist-open-data.s3.amazonaws.com/photos/607991165/original.jpg,6130881586
5219173,Canis lupus,-41.485437,-72.962926,2026,Los Lagos,http://creativecommons.org/licenses/by-nc/4.0/legalcode,https://inaturalist-open-data.s3.amazonaws.com/photos/607988327/original.jpg,6131261590
2928751,Datura stramonium,-33.414475,-70.617005,2026,Región Metropolitana de Santiago,http://creativecommons.org/licenses/by-nc/4.0/legalcode,https://inaturalist-open-data.s3.amazonaws.com/photos/606480123/original.jpg,6130545326
2928751,Datura stramonium,-37.923821,-72.93877,2026,Araucanía,http://creativecommons.org/licenses/by-nc/4.0/legalcode,https://inaturalist-open-data.s3.amazonaws.com/photos/608142856/original.jpg,6130594254
2928751,Datura stramonium,-33.414363,-70.617288,2026,Región Metropolitana de Santiago,http://creativecommons.org/licenses/by/4.0/legalcode,https://inaturalist-open-data.s3.amazonaws.com/photos/605905504/original.jpg,6130634780
5347796,Genista monspessulana,-36.661018,-72.975163,2026,Bío-Bío,http://creativecommons.org/licenses/by-nc/4.0/legalcode,https://inaturalist-open-data.s3.amazonaws.com/photos/607920656/original.jpg,6131018603
5347796,Genista monspessulana,-36.5902,-72.977637,2026,Bío-Bío,http://creativecommons.org/licenses/by-nc/4.0/legalcode,https://inaturalist-open-data.s3.amazonaws.com/photos/610831691/original.jpg,6133041950
5347796,Genista monspessulana,-33.077605,-71.655678,2026,Valparaíso,http://creativecommons.org/licenses/by-nc/4.0/legalcode,https://inaturalist-open-data.s3.amazonaws.com/photos/611835925/original.jpg,6133143739
2996929,Rubus ulmifolius,-33.41502,-70.617266,2026,Región Metropolitana de Santiago,http://creativecommons.org/licenses/by/4.0/legalcode,https://inaturalist-open-data.s3.amazonaws.com/photos/605656592/original.jpg,5938646467
2996929,Rubus ulmifolius,-34.244746,-71.720723,2026,Libertador General Bernardo O'Higgins,http://creativecommons.org/licenses/by-nc/4.0/legalcode,https://inaturalist-open-data.s3.amazonaws.com/photos/605530351/original.jpg,5938679243
2996929,Rubus ulmifolius,-33.63557,-70.594467,2026,Región Metropolitana de Santiago,http://creativecommons.org/licenses/by-nc/4.0/legalcode,https://inaturalist-open-data.s3.amazonaws.com/photos/610980797/original.jpg,6129852141
2891661,Oxalis pes-caprae,-32.829043,-71.530778,2026,Valparaíso,http://creativecommons.org/licenses/by-nc/4.0/legalcode,https://inaturalist-open-data.s3.amazonaws.com/photos/630120818/original.jpg,6185171591
2891661,Oxalis pes-caprae,-33.569353,-70.556653,2026,Región Metropolitana de Santiago,http://creativecommons.org/licenses/by-nc/4.0/legalcode,https://inaturalist-open-data.s3.amazonaws.com/photos/662143224/original.jpg,6320074450
2891661,Oxalis pes-caprae,-33.637708,-78.830934,2026,Valparaíso,http://creativecommons.org/licenses/by-nc/4.0/legalcode,https://inaturalist-open-data.s3.amazonaws.com/photos/668411088/original.jpg,6352404849
3034922,Foeniculum vulgare,-40.570667,-73.149269,2026,Los Lagos,http://creativecommons.org/licenses/by-nc/4.0/legalcode,https://inaturalist-open-data.s3.amazonaws.com/photos/604898954/original.jpg,5938211776
3034922,Foeniculum vulgare,-40.558412,-73.161765,2026,Los Lagos,http://creativecommons.org/licenses/by-nc/4.0/legalcode,https://inaturalist-open-data.s3.amazonaws.com/photos/604896172/original.jpg,5938352662
3034922,Foeniculum vulgare,-33.029161,-71.551107,2026,Valparaíso,http://creativecommons.org/licenses/by-nc/4.0/legalcode,https://inaturalist-open-data.s3.amazonaws.com/photos/606065791/original.jpg,6129829046
2928390,Convolvulus arvensis,-31.637283,-71.171558,2026,Coquimbo,http://creativecommons.org/licenses/by-nc/4.0/legalcode,https://inaturalist-open-data.s3.amazonaws.com/photos/605680859/original.jpg,5938117464
2928390,Convolvulus arvensis,-33.853294,-70.631606,2026,Región Metropolitana de Santiago,http://creativecommons.org/licenses/by-nc/4.0/legalcode,https://inaturalist-open-data.s3.amazonaws.com/photos/605514169/original.jpg,5938204745
2928390,Convolvulus arvensis,-34.031218,-70.629883,2026,Libertador General Bernardo O'Higgins,http://creativecommons.org/licenses/by-nc/4.0/legalcode,https://inaturalist-open-data.s3.amazonaws.com/photos/606524776/original.jpg,6129965913
2435035,Felis catus,-33.338893,-70.718439,2026,Región Metropolitana de Santiago,http://creativecommons.org/licenses/by-nc/4.0/legalcode,https://inaturalist-open-data.s3.amazonaws.com/photos/611479556/original.jpg,6133324170
2435035,Felis catus,-29.541917,-71.322258,2026,Coquimbo,http://creativecommons.org/licenses/by-nc/4.0/legalcode,https://inaturalist-open-data.s3.amazonaws.com/photos/614858026/original.jpg,6159286754
2435035,Felis catus,-32.978225,-71.264747,2026,Valparaíso,http://creativecommons.org/licenses/by-nc/4.0/legalcode,https://inaturalist-open-data.s3.amazonaws.com/photos/614754161/original.jpg,6159505493
5394163,Taraxacum officinale,-33.797772,-70.000503,2026,Región Metropolitana de Santiago,http://creativecommons.org/licenses/by-nc/4.0/legalcode,https://inaturalist-open-data.s3.amazonaws.com/photos/667009470/original.jpg,6352852315
5394163,Taraxacum officinale,-39.834278,-73.215622,2026,Los Ríos,http://creativecommons.org/licenses/by-nc/4.0/legalcode,https://inaturalist-open-data.s3.amazonaws.com/photos/616733510/original.jpg,6162839703
5394163,Taraxacum officinale,-53.175483,-70.919278,2026,Magallanes y Antártica Chilena,http://creativecommons.org/licenses/by-nc/4.0/legalcode,https://inaturalist-open-data.s3.amazonaws.com/photos/625294310/original.jpg,6178424501
5361815,Urtica urens,-33.446236,-70.619335,2026,Región Metropolitana de Santiago,http://creativecommons.org/licenses/by-nc/4.0/legalcode,https://inaturalist-open-data.s3.amazonaws.com/photos/642020403/original.jpg,6234926925
5361815,Urtica urens,-33.41586,-70.55932,2026,Región Metropolitana de Santiago,http://creativecommons.org/licenses/by-nc/4.0/legalcode,https://inaturalist-open-data.s3.amazonaws.com/photos/646478370/original.jpg,6235078896
5361815,Urtica urens,-33.41586,-70.559383,2026,Región Metropolitana de Santiago,http://creativecommons.org/licenses/by-nc/4.0/legalcode,https://inaturalist-open-data.s3.amazonaws.com/photos/640747353/original.jpg,6321241738
3117424,Bellis perennis,-53.162807,-70.908424,2026,Magallanes y Antártica Chilena,http://creativecommons.org/licenses/by-nc/4.0/legalcode,https://inaturalist-open-data.s3.amazonaws.com/photos/605099324/original.jpg,5938194573
3117424,Bellis perennis,-54.925158,-68.238602,2026,Magallanes y Antártica Chilena,http://creativecommons.org/licenses/by-nc/4.0/legalcode,https://inaturalist-open-data.s3.amazonaws.com/photos/605941399/original.jpg,6130571113
3117424,Bellis perennis,-43.001281,-72.47988,2026,Los Lagos,http://creativecommons.org/licenses/by-nc/4.0/legalcode,https://inaturalist-open-data.s3.amazonaws.com/photos/606777155/original.jpg,6133363996
2963807,Lupinus arboreus,-41.826828,-73.628495,2026,Los Lagos,http://creativecommons.org/licenses/by-nc/4.0/legalcode,https://inaturalist-open-data.s3.amazonaws.com/photos/604898074/original.jpg,5938197111
2963807,Lupinus arboreus,-34.428842,-72.0401,2026,Libertador General Bernardo O'Higgins,http://creativecommons.org/licenses/by-nc/4.0/legalcode,https://inaturalist-open-data.s3.amazonaws.com/photos/605179789/original.jpg,6129913188
2963807,Lupinus arboreus,-32.875252,-71.508228,2026,Valparaíso,http://creativecommons.org/licenses/by-nc/4.0/legalcode,https://inaturalist-open-data.s3.amazonaws.com/photos/610026175/original.jpg,6129921838
3112801,Cirsium vulgare,-27.179408,-109.439178,2026,Valparaíso,http://creativecommons.org/licenses/by-nc/4.0/legalcode,https://inaturalist-open-data.s3.amazonaws.com/photos/605665391/original.jpg,5938165719
3112801,Cirsium vulgare,-33.823227,-70.061263,2026,Región Metropolitana de Santiago,http://creativecommons.org/publicdomain/zero/1.0/legalcode,https://inaturalist-open-data.s3.amazonaws.com/photos/609669589/original.jpg,6129839369
3112801,Cirsium vulgare,-51.002983,-72.6987,2026,Magallanes y Antártica Chilena,http://creativecommons.org/licenses/by-nc/4.0/legalcode,https://inaturalist-open-data.s3.amazonaws.com/photos/609891757/original.jpg,6129984856
3172077,Veronica persica,-33.44632,-70.616129,2026,Región Metropolitana de Santiago,http://creativecommons.org/licenses/by-nc/4.0/legalcode,https://inaturalist-open-data.s3.amazonaws.com/photos/643134174/original.jpg,6234977943
3172077,Veronica persica,-33.622506,-71.470765,2026,Valparaíso,http://creativecommons.org/licenses/by-nc/4.0/legalcode,https://inaturalist-open-data.s3.amazonaws.com/photos/672856084/original.jpg,6399462514
3172077,Veronica persica,-33.608533,-70.716112,2026,Región Metropolitana de Santiago,http://creativecommons.org/licenses/by-nc/4.0/legalcode,https://inaturalist-open-data.s3.amazonaws.com/photos/677168332/original.jpg,6431715568
5352251,Robinia pseudoacacia,-33.443955,-70.668245,2026,Región Metropolitana de Santiago,http://creativecommons.org/licenses/by/4.0/legalcode,https://inaturalist-open-data.s3.amazonaws.com/photos/605732175/original.jpg,5938311543
5352251,Robinia pseudoacacia,-33.495645,-70.76895,2026,Región Metropolitana de Santiago,http://creativecommons.org/licenses/by-nc/4.0/legalcode,https://inaturalist-open-data.s3.amazonaws.com/photos/609502074/original.jpg,6130124766
5352251,Robinia pseudoacacia,-33.497592,-70.77406,2026,Región Metropolitana de Santiago,http://creativecommons.org/licenses/by-nc/4.0/legalcode,https://inaturalist-open-data.s3.amazonaws.com/photos/607430892/original.jpg,6130585795
5341112,Phyla nodiflora,-37.967131,-73.251844,2026,Bío-Bío,http://creativecommons.org/licenses/by-nc/4.0/legalcode,https://inaturalist-open-data.s3.amazonaws.com/photos/610744540/original.jpg,6130695271
5341112,Phyla nodiflora,-33.279378,-71.658028,2026,Valparaíso,http://creativecommons.org/licenses/by-nc/4.0/legalcode,https://inaturalist-open-data.s3.amazonaws.com/photos/606291307/original.jpg,6130971503
5341112,Phyla nodiflora,-39.269042,-73.221683,2026,Araucanía,http://creativecommons.org/licenses/by-nc/4.0/legalcode,https://inaturalist-open-data.s3.amazonaws.com/photos/604854302/original.jpg,6131391645
3066386,Euphorbia peplus,-40.298013,-73.079589,2026,Los Ríos,http://creativecommons.org/licenses/by-nc/4.0/legalcode,https://inaturalist-open-data.s3.amazonaws.com/photos/610232675/original.jpg,6131112349
3066386,Euphorbia peplus,-33.73002,-71.636212,2026,Valparaíso,http://creativecommons.org/licenses/by/4.0/legalcode,https://inaturalist-open-data.s3.amazonaws.com/photos/609814344/original.jpg,6131147536
3066386,Euphorbia peplus,-29.873296,-71.225564,2026,Coquimbo,http://creativecommons.org/licenses/by-nc/4.0/legalcode,https://inaturalist-open-data.s3.amazonaws.com/photos/620969818/original.jpg,6179414428
8208358,Plantago lanceolata,-41.173938,-72.448463,2026,Los Lagos,http://creativecommons.org/licenses/by-nc/4.0/legalcode,https://inaturalist-open-data.s3.amazonaws.com/photos/607301933/original.jpg,6130460177
8208358,Plantago lanceolata,-40.657072,-72.076465,2026,Los Lagos,http://creativecommons.org/publicdomain/zero/1.0/legalcode,https://inaturalist-open-data.s3.amazonaws.com/photos/607778547/original.jpg,6130866806
8208358,Plantago lanceolata,-52.735046,-71.374602,2026,Magallanes y Antártica Chilena,http://creativecommons.org/licenses/by-nc/4.0/legalcode,https://inaturalist-open-data.s3.amazonaws.com/photos/607747827/original.jpg,6131330292
3190653,Ailanthus altissima,-33.440363,-70.643212,2026,Región Metropolitana de Santiago,http://creativecommons.org/licenses/by-nc/4.0/legalcode,https://inaturalist-open-data.s3.amazonaws.com/photos/604664037/original.jpg,5938124461
3190653,Ailanthus altissima,-37.272154,-72.711252,2026,Bío-Bío,http://creativecommons.org/licenses/by-nc/4.0/legalcode,https://inaturalist-open-data.s3.amazonaws.com/photos/608179971/original.jpg,6130984930
3190653,Ailanthus altissima,-33.376438,-70.553192,2026,Región Metropolitana de Santiago,http://creativecommons.org/licenses/by/4.0/legalcode,https://inaturalist-open-data.s3.amazonaws.com/photos/606511801/original.jpg,6133226037
3112364,Cynara cardunculus,-33.6431,-70.548386,2026,Región Metropolitana de Santiago,http://creativecommons.org/licenses/by/4.0/legalcode,https://inaturalist-open-data.s3.amazonaws.com/photos/605181675/original.jpg,5938092518
3112364,Cynara cardunculus,-34.426068,-72.044403,2026,Libertador General Bernardo O'Higgins,http://creativecommons.org/licenses/by-nc/4.0/legalcode,https://inaturalist-open-data.s3.amazonaws.com/photos/605114932/original.jpg,5938206590
3112364,Cynara cardunculus,-34.426324,-72.043644,2026,Libertador General Bernardo O'Higgins,http://creativecommons.org/licenses/by-nc/4.0/legalcode,https://inaturalist-open-data.s3.amazonaws.com/photos/605174381/original.jpg,5938430167
9751099,Cairina moschata,-39.551862,-72.029975,2026,Araucanía,http://creativecommons.org/licenses/by-nc/4.0/legalcode,https://inaturalist-open-data.s3.amazonaws.com/photos/606878122/original.jpg,6130600190
9751099,Cairina moschata,-37.050418,-72.379403,2026,Bío-Bío,http://creativecommons.org/licenses/by-nc/4.0/legalcode,https://inaturalist-open-data.s3.amazonaws.com/photos/611109611/original.jpg,6234991018
9751099,Cairina moschata,-39.821767,-72.508597,2026,Los Ríos,http://creativecommons.org/licenses/by-nc/4.0/legalcode,https://inaturalist-open-data.s3.amazonaws.com/photos/614340862/original.jpg,6147625909
3935079,Malva arborea,-33.622528,-71.626763,2026,Valparaíso,http://creativecommons.org/licenses/by/4.0/legalcode,https://inaturalist-open-data.s3.amazonaws.com/photos/609586499/original.jpg,6130829856
3935079,Malva arborea,-32.632602,-71.424541,2026,Valparaíso,http://creativecommons.org/licenses/by-nc/4.0/legalcode,https://inaturalist-open-data.s3.amazonaws.com/photos/617412740/original.jpg,6162832513
3935079,Malva arborea,-34.461286,-71.971682,2026,Libertador General Bernardo O'Higgins,http://creativecommons.org/publicdomain/zero/1.0/legalcode,https://inaturalist-open-data.s3.amazonaws.com/photos/641499969/original.jpg,6235970316
8184903,Lysimachia arvensis,-35.402732,-72.491751,2026,Maule,http://creativecommons.org/licenses/by-nc/4.0/legalcode,https://inaturalist-open-data.s3.amazonaws.com/photos/605567688/original.jpg,5938606952
8184903,Lysimachia arvensis,-36.815542,-73.068017,2026,Bío-Bío,http://creativecommons.org/licenses/by-nc/4.0/legalcode,https://inaturalist-open-data.s3.amazonaws.com/photos/606201272/original.jpg,6129910738
8184903,Lysimachia arvensis,-33.648784,-70.334544,2026,Región Metropolitana de Santiago,http://creativecommons.org/licenses/by-nc/4.0/legalcode,https://inaturalist-open-data.s3.amazonaws.com/photos/607896953/original.jpg,6131630431
5531376,Fumaria agraria,-35.263457,-72.12217,2026,Maule,http://creativecommons.org/licenses/by-nc/4.0/legalcode,https://inaturalist-open-data.s3.amazonaws.com/photos/661887953/original.jpg,6321095991
5531376,Fumaria agraria,-33.749914,-71.324725,2026,Región Metropolitana de Santiago,http://creativecommons.org/licenses/by-nc/4.0/legalcode,https://inaturalist-open-data.s3.amazonaws.com/photos/682258347/original.jpg,6413153799
5531376,Fumaria agraria,-32.926191,-71.044614,2025,Valparaíso,http://creativecommons.org/licenses/by-nc/4.0/legalcode,https://inaturalist-open-data.s3.amazonaws.com/photos/550995054/original.jpg,5291912252
5375388,Capsella bursa-pastoris,-53.125125,-70.900063,2026,Magallanes y Antártica Chilena,http://creativecommons.org/licenses/by-nc/4.0/legalcode,https://inaturalist-open-data.s3.amazonaws.com/photos/604464800/original.jpg,5938257890
5375388,Capsella bursa-pastoris,-33.443346,-70.621434,2026,Región Metropolitana de Santiago,http://creativecommons.org/licenses/by-nc/4.0/legalcode,https://inaturalist-open-data.s3.amazonaws.com/photos/643133980/original.jpg,6234693218
5375388,Capsella bursa-pastoris,-33.754648,-71.322664,2026,Región Metropolitana de Santiago,http://creativecommons.org/licenses/by-nc/4.0/legalcode,https://inaturalist-open-data.s3.amazonaws.com/photos/660255951/original.jpg,6320475080
9485490,Erodium cicutarium,-36.54067,-72.933055,2026,Bío-Bío,http://creativecommons.org/licenses/by-nc/4.0/legalcode,https://inaturalist-open-data.s3.amazonaws.com/photos/605879965/original.jpg,6130134586
9485490,Erodium cicutarium,-34.178689,-70.779526,2026,Libertador General Bernardo O'Higgins,http://creativecommons.org/licenses/by-nc/4.0/legalcode,https://inaturalist-open-data.s3.amazonaws.com/photos/613018554/original.jpg,6147587246
9485490,Erodium cicutarium,-51.008842,-72.590613,2026,Magallanes y Antártica Chilena,http://creativecommons.org/licenses/by-nc/4.0/legalcode,https://inaturalist-open-data.s3.amazonaws.com/photos/629735890/original.jpg,6188450189
5414995,Digitalis purpurea,-39.771899,-72.427424,2026,Los Ríos,http://creativecommons.org/licenses/by-nc/4.0/legalcode,https://inaturalist-open-data.s3.amazonaws.com/photos/606783194/original.jpg,6129906040
5414995,Digitalis purpurea,-39.96597,-73.113701,2026,Los Ríos,http://creativecommons.org/licenses/by-nc/4.0/legalcode,https://inaturalist-open-data.s3.amazonaws.com/photos/607922987/original.jpg,6130159362
5414995,Digitalis purpurea,-37.569655,-71.67108,2026,Bío-Bío,http://creativecommons.org/licenses/by-nc/4.0/legalcode,https://inaturalist-open-data.s3.amazonaws.com/photos/606285162/original.jpg,6130431543
2925895,Echium plantagineum,-33.608069,-70.288581,2026,Región Metropolitana de Santiago,http://creativecommons.org/licenses/by-nc/4.0/legalcode,https://inaturalist-open-data.s3.amazonaws.com/photos/612004525/original.jpg,6133129304
2925895,Echium plantagineum,-37.714481,-72.250371,2026,Bío-Bío,http://creativecommons.org/licenses/by-nc/4.0/legalcode,https://inaturalist-open-data.s3.amazonaws.com/photos/651155685/original.jpg,6253313081
2925895,Echium plantagineum,-36.803657,-73.177642,2026,Bío-Bío,http://creativecommons.org/licenses/by/4.0/legalcode,https://inaturalist-open-data.s3.amazonaws.com/photos/651748645/original.jpg,6252555469
2443002,Trachemys scripta,-32.501299,-71.435927,2026,Valparaíso,http://creativecommons.org/licenses/by-nc/4.0/legalcode,https://inaturalist-open-data.s3.amazonaws.com/photos/609810265/original.jpg,6130354349
2443002,Trachemys scripta,-36.812962,-73.068863,2026,Bío-Bío,http://creativecommons.org/licenses/by-nc/4.0/legalcode,https://inaturalist-open-data.s3.amazonaws.com/photos/610500418/original.jpg,6130545407
2443002,Trachemys scripta,-33.413612,-70.614137,2026,Región Metropolitana de Santiago,http://creativecommons.org/licenses/by-nc/4.0/legalcode,https://inaturalist-open-data.s3.amazonaws.com/photos/606091167/original.jpg,6130831201
8200663,Cymbalaria muralis,-33.433316,-70.620952,2026,Región Metropolitana de Santiago,http://creativecommons.org/licenses/by/4.0/legalcode,https://inaturalist-open-data.s3.amazonaws.com/photos/612002190/original.jpg,6273985641
8200663,Cymbalaria muralis,-33.041209,-71.627528,2026,Valparaíso,http://creativecommons.org/licenses/by-nc/4.0/legalcode,https://inaturalist-open-data.s3.amazonaws.com/photos/619917311/original.jpg,6170906225
8200663,Cymbalaria muralis,-36.824272,-73.05938,2026,Bío-Bío,http://creativecommons.org/licenses/by-nc/4.0/legalcode,https://inaturalist-open-data.s3.amazonaws.com/photos/633114671/original.jpg,6188241740
2951984,Ulex europaeus,-41.291068,-72.979342,2026,Los Lagos,http://creativecommons.org/licenses/by-nc/4.0/legalcode,https://inaturalist-open-data.s3.amazonaws.com/photos/609207303/original.jpg,6130708405
2951984,Ulex europaeus,-42.940067,-72.722558,2026,Los Lagos,http://creativecommons.org/licenses/by-nc/4.0/legalcode,https://inaturalist-open-data.s3.amazonaws.com/photos/606983028/original.jpg,6130904971
2951984,Ulex europaeus,-41.533306,-73.126086,2026,Los Lagos,http://creativecommons.org/licenses/by-nc/4.0/legalcode,https://inaturalist-open-data.s3.amazonaws.com/photos/611267297/original.jpg,6133236470
5325855,Amaryllis belladonna,-36.82177,-72.989228,2026,Bío-Bío,http://creativecommons.org/licenses/by-nc/4.0/legalcode,https://inaturalist-open-data.s3.amazonaws.com/photos/608958902/original.jpg,6131041235
5325855,Amaryllis belladonna,-34.745557,-71.060325,2026,Libertador General Bernardo O'Higgins,http://creativecommons.org/licenses/by-nc/4.0/legalcode,https://inaturalist-open-data.s3.amazonaws.com/photos/611221710/original.jpg,6133055429
5325855,Amaryllis belladonna,-32.552717,-71.463517,2026,Valparaíso,http://creativecommons.org/licenses/by-nc/4.0/legalcode,https://inaturalist-open-data.s3.amazonaws.com/photos/612695049/original.jpg,6133349941
2925892,Echium vulgare,-38.51231,-71.88088,2026,Araucanía,http://creativecommons.org/licenses/by-nc/4.0/legalcode,https://inaturalist-open-data.s3.amazonaws.com/photos/607538776/original.jpg,6130184352
2925892,Echium vulgare,-36.904716,-71.483659,2026,Bío-Bío,http://creativecommons.org/licenses/by-nc/4.0/legalcode,https://inaturalist-open-data.s3.amazonaws.com/photos/606892179/original.jpg,6130326350
2925892,Echium vulgare,-36.801287,-71.731912,2026,Bío-Bío,http://creativecommons.org/publicdomain/zero/1.0/legalcode,https://inaturalist-open-data.s3.amazonaws.com/photos/607900446/original.jpg,6130460286
2434333,Lycalopex gymnocercus,-52.495278,-69.520272,2026,Magallanes y Antártica Chilena,http://creativecommons.org/licenses/by-nc/4.0/legalcode,https://inaturalist-open-data.s3.amazonaws.com/photos/605070756/original.jpg,5938638044
2434333,Lycalopex gymnocercus,-52.771635,-69.28467,2026,Magallanes y Antártica Chilena,http://creativecommons.org/licenses/by/4.0/legalcode,https://inaturalist-open-data.s3.amazonaws.com/photos/604916884/original.jpg,5938682037
2434333,Lycalopex gymnocercus,-29.316511,-71.244275,2026,Coquimbo,http://creativecommons.org/licenses/by-nc/4.0/legalcode,https://inaturalist-open-data.s3.amazonaws.com/photos/606254625/original.jpg,6130615397
