zona,speciesKey,registros
Gran Santiago,1340503,386
Gran Santiago,3117424,92
Gran Santiago,3190653,86
Gran Santiago,2979474,69
Gran Santiago,5371743,31
Gran Santiago,2979000,24
Gran Santiago,3974754,22
Gran Santiago,8184903,19
Gran Santiago,5384396,13
Gran Santiago,2703041,10
Gran Santiago,5325855,10
Gran Santiago,2441022,9
Gran Santiago,5391802,6
Gran Santiago,8971274,6
Gran Santiago,8035698,5
Gran Santiago,3120060,4
Gran Santiago,2926110,3
Gran Santiago,3121319,3
Gran Santiago,3631293,3
Gran Santiago,2705300,2
Gran Santiago,3152493,2
Gran Santiago,3152633,2
Gran Santiago,5384390,2
Gran Santiago,2705290,1
Gran Santiago,2778437,1
Gran Santiago,2865100,1
Gran Santiago,3083771,1
Gran Santiago,7747216,1
Gran Santiago,2495414,342
Gran Santiago,5228080,214
Gran Santiago,5858758,77
Gran Santiago,3034807,74
Gran Santiago,5392252,57
Gran Santiago,2928390,51
Gran Santiago,5375388,51
Gran Santiago,3112364,47
Gran Santiago,3128888,34
Gran Santiago,9751099,33
Gran Santiago,5219173,32
Gran Santiago,3114667,29
Gran Santiago,3128091,23
Gran Santiago,2480830,22
Gran Santiago,3112801,20
Gran Santiago,3083838,19
Gran Santiago,3103791,19
Gran Santiago,4064467,17
Gran Santiago,8200663,16
Gran Santiago,2370771,14
Gran Santiago,8370958,14
Gran Santiago,8542672,13
Gran Santiago,8149099,12
Gran Santiago,6109637,11
Gran Santiago,1626096,10
Gran Santiago,5391480,9
Gran Santiago,8185959,8
Gran Santiago,3083932,7
Gran Santiago,2441056,5
Gran Santiago,2928441,5
Gran Santiago,3128483,5
Gran Santiago,3112110,4
Gran Santiago,2703723,3
Gran Santiago,7903057,3
Gran Santiago,2747939,2
Gran Santiago,2891930,2
Gran Santiago,3083862,2
Gran Santiago,4286942,2
Gran Santiago,5362055,2
Gran Santiago,7627205,2
Gran Santiago,1652950,1
Gran Santiago,2350394,1
Gran Santiago,2703746,1
Gran Santiago,2714156,1
Gran Santiago,3089561,1
Gran Santiago,3138230,1
Gran Santiago,7647071,1
Gran Santiago,2888380,366
Gran Santiago,4989904,358
Gran Santiago,2928751,87
Gran Santiago,3066386,55
Gran Santiago,5531376,55
Gran Santiago,9485490,54
Gran Santiago,2975667,48
Gran Santiago,2435035,37
Gran Santiago,3050595,23
Gran Santiago,9419993,23
Gran Santiago,3066367,21
Gran Santiago,5334218,21
Gran Santiago,3034922,18
Gran Santiago,9297163,17
Gran Santiago,2765942,16
Gran Santiago,2913548,16
Gran Santiago,4286975,14
Gran Santiago,3176787,12
Gran Santiago,2440886,8
Gran Santiago,2715482,7
Gran Santiago,2350570,4
Gran Santiago,5289972,4
Gran Santiago,5334215,4
Gran Santiago,5365717,4
Gran Santiago,11869920,3
Gran Santiago,2890541,3
Gran Santiago,3034742,3
Gran Santiago,3066965,3
Gran Santiago,3147168,3
Gran Santiago,2888816,2
Gran Santiago,2925892,2
Gran Santiago,3119175,2
Gran Santiago,3132570,2
Gran Santiago,3172358,2
Gran Santiago,5375920,2
Gran Santiago,7894250,2
Gran Santiago,2440891,1
Gran Santiago,2714818,1
Gran Santiago,5414995,1
Gran Santiago,5554961,1
Gran Santiago,1316908,94
Gran Santiago,2927069,34
Gran Santiago,2926679,21
Gran Santiago,7886346,19
Gran Santiago,8338793,19
Gran Santiago,3140490,18
Gran Santiago,5289762,18
Gran Santiago,2965201,17
Gran Santiago,2971016,17
Gran Santiago,5373358,17
Gran Santiago,9151957,17
Gran Santiago,3086240,15
Gran Santiago,3152378,12
Gran Santiago,5341501,9
Gran Santiago,2965531,8
Gran Santiago,2971095,8
Gran Santiago,2928576,7
Gran Santiago,3140346,7
Gran Santiago,3152374,7
Gran Santiago,2927189,6
Gran Santiago,5357013,6
Gran Santiago,3152373,5
Gran Santiago,3935079,4
Gran Santiago,2080592,3
Gran Santiago,2873861,3
Gran Santiago,2873896,3
Gran Santiago,3093702,3
Gran Santiago,3170819,3
Gran Santiago,3084837,2
Gran Santiago,7952072,2
Gran Santiago,8707933,2
Gran Santiago,11055820,1
Gran Santiago,2434333,1
Gran Santiago,2706241,1
Gran Santiago,2927208,1
Gran Santiago,2965527,1
Gran Santiago,3093911,1
Gran Santiago,3152367,1
Gran Santiago,3935047,1
Gran Santiago,5289906,1
Gran Santiago,5290177,1
Gran Santiago,5376925,1
Gran Santiago,5384741,1
Gran Santiago,6413649,1
Gran Santiago,8848598,1
Gran Santiago,2479407,509
Gran Santiago,2484396,412
Gran Santiago,2928783,146
Gran Santiago,5231190,118
Gran Santiago,2888439,103
Gran Santiago,2436940,84
Gran Santiago,2477581,28
Gran Santiago,3189767,28
Gran Santiago,2891661,27
Gran Santiago,8208358,19
Gran Santiago,8427624,19
Gran Santiago,1114246,16
Gran Santiago,7821030,16
Gran Santiago,2891664,13
Gran Santiago,3188875,13
Gran Santiago,2492081,11
Gran Santiago,5341112,10
Gran Santiago,1114140,9
Gran Santiago,2882437,9
Gran Santiago,5341784,9
Gran Santiago,3141855,8
Gran Santiago,5361801,8
Gran Santiago,2704179,6
Gran Santiago,5290192,6
Gran Santiago,2888443,3
Gran Santiago,2928774,2
Gran Santiago,7429082,2
Gran Santiago,2704194,1
Gran Santiago,2704265,1
Gran Santiago,3085381,1
Gran Santiago,3188894,1
Gran Santiago,5285727,1
Gran Santiago,5341183,1
Gran Santiago,7733140,1
Gran Santiago,9752149,1
Gran Santiago,5380041,65
Gran Santiago,3145214,61
Gran Santiago,3084719,44
Gran Santiago,2996929,34
Gran Santiago,5352251,24
Gran Santiago,3046851,19
Gran Santiago,5373368,19
Gran Santiago,2984366,10
Gran Santiago,3108983,10
Gran Santiago,3033318,9
Gran Santiago,5372639,8
Gran Santiago,3046812,7
Gran Santiago,7678610,7
Gran Santiago,3040227,6
Gran Santiago,3040983,6
Gran Santiago,5339050,5
Gran Santiago,8174785,5
Gran Santiago,2439261,4
Gran Santiago,2439270,4
Gran Santiago,7538163,4
Gran Santiago,2931104,3
Gran Santiago,3083957,3
Gran Santiago,3105782,3
Gran Santiago,5289919,3
Gran Santiago,5355395,3
Gran Santiago,2889011,2
Gran Santiago,3131229,2
Gran Santiago,4933568,2
Gran Santiago,6409706,2
Gran Santiago,7486599,2
Gran Santiago,8195144,2
Gran Santiago,2888728,1
Gran Santiago,2888946,1
Gran Santiago,3033339,1
Gran Santiago,3033374,1
Gran Santiago,3046890,1
Gran Santiago,3046913,1
Gran Santiago,3105768,1
Gran Santiago,5341297,1
Gran Santiago,5384848,1
Gran Santiago,7301010,1
Gran Santiago,7595433,1
Gran Santiago,3171954,91
Gran Santiago,5361815,82
Gran Santiago,5358748,71
Gran Santiago,3172077,66
Gran Santiago,5394163,59
Gran Santiago,1311649,46
Gran Santiago,2443002,46
Gran Santiago,5384604,39
Gran Santiago,3171949,36
Gran Santiago,3169708,29
Gran Santiago,3172086,28
Gran Santiago,3118430,22
Gran Santiago,5217334,20
Gran Santiago,2889934,12
Gran Santiago,5358935,12
Gran Santiago,5421116,11
Gran Santiago,3089150,10
Gran Santiago,5361865,10
Gran Santiago,5331181,6
Gran Santiago,8324121,5
Gran Santiago,2868827,3
Gran Santiago,5289534,3
Gran Santiago,2765156,2
Gran Santiago,3172048,2
Gran Santiago,3172057,2
Gran Santiago,9182154,2
Gran Santiago,2975014,1
Gran Santiago,3118274,1
Gran Santiago,7705930,1
Gran Valparaiso,1340503,143
Gran Valparaiso,2979474,51
Gran Valparaiso,2979000,24
Gran Valparaiso,5325855,14
Gran Valparaiso,8184903,12
Gran Valparaiso,5391845,11
Gran Valparaiso,3117424,6
Gran Valparaiso,3974754,6
Gran Valparaiso,2703041,3
Gran Valparaiso,3190653,3
Gran Valparaiso,2926110,2
Gran Valparaiso,5391802,2
Gran Valparaiso,2441022,1
Gran Valparaiso,2651816,1
Gran Valparaiso,2704103,1
Gran Valparaiso,3631293,1
Gran Valparaiso,5371743,1
Gran Valparaiso,5384396,1
Gran Valparaiso,2495414,84
Gran Valparaiso,5228080,33
Gran Valparaiso,5392252,30
Gran Valparaiso,3034807,27
Gran Valparaiso,5858758,27
Gran Valparaiso,9751099,24
Gran Valparaiso,8200663,22
Gran Valparaiso,4252828,17
Gran Valparaiso,2928390,14
Gran Valparaiso,3112364,13
Gran Valparaiso,7627205,13
Gran Valparaiso,3112110,8
Gran Valparaiso,2370771,6
Gran Valparaiso,5219173,6
Gran Valparaiso,5375388,6
Gran Valparaiso,3112801,5
Gran Valparaiso,3114667,5
Gran Valparaiso,8370958,5
Gran Valparaiso,2928441,3
Gran Valparaiso,4064467,3
Gran Valparaiso,2350394,2
Gran Valparaiso,3103791,2
Gran Valparaiso,3128483,2
Gran Valparaiso,5362055,2
Gran Valparaiso,2480830,1
Gran Valparaiso,2703723,1
Gran Valparaiso,3083838,1
Gran Valparaiso,3083862,1
Gran Valparaiso,3128091,1
Gran Valparaiso,3138230,1
Gran Valparaiso,5391480,1
Gran Valparaiso,5568361,1
Gran Valparaiso,7903057,1
Gran Valparaiso,2888380,96
Gran Valparaiso,4989904,46
Gran Valparaiso,2975667,25
Gran Valparaiso,3034922,18
Gran Valparaiso,2928751,12
Gran Valparaiso,2435035,11
Gran Valparaiso,3066386,8
Gran Valparaiso,3176787,8
Gran Valparaiso,4286975,8
Gran Valparaiso,5334218,8
Gran Valparaiso,2715482,6
Gran Valparaiso,5554961,6
Gran Valparaiso,2440886,4
Gran Valparaiso,3050595,4
Gran Valparaiso,9419993,4
Gran Valparaiso,9485490,4
Gran Valparaiso,3119175,3
Gran Valparaiso,9297163,3
Gran Valparaiso,2440891,2
Gran Valparaiso,2890541,2
Gran Valparaiso,2891628,2
Gran Valparaiso,3147168,2
Gran Valparaiso,5354707,2
Gran Valparaiso,5531376,2
Gran Valparaiso,11869920,1
Gran Valparaiso,2350570,1
Gran Valparaiso,2891488,1
Gran Valparaiso,3066965,1
Gran Valparaiso,3152666,1
Gran Valparaiso,5375920,1
Gran Valparaiso,1316908,20
Gran Valparaiso,3935079,16
Gran Valparaiso,2963807,11
Gran Valparaiso,3086240,9
Gran Valparaiso,9151957,9
Gran Valparaiso,3152378,8
Gran Valparaiso,5373358,7
Gran Valparaiso,2434333,6
Gran Valparaiso,2927069,6
Gran Valparaiso,2971016,6
Gran Valparaiso,7886346,6
Gran Valparaiso,5341501,5
Gran Valparaiso,5377378,5
Gran Valparaiso,2926679,4
Gran Valparaiso,8338793,4
Gran Valparaiso,11055820,3
Gran Valparaiso,2965531,3
Gran Valparaiso,3093702,3
Gran Valparaiso,3152367,3
Gran Valparaiso,2873896,2
Gran Valparaiso,3084837,2
Gran Valparaiso,3171145,2
Gran Valparaiso,3188746,2
Gran Valparaiso,2965201,1
Gran Valparaiso,2965527,1
Gran Valparaiso,3093911,1
Gran Valparaiso,3140346,1
Gran Valparaiso,3935047,1
Gran Valparaiso,5357013,1
Gran Valparaiso,5384741,1
Gran Valparaiso,2928783,77
Gran Valparaiso,2484396,67
Gran Valparaiso,5231190,43
Gran Valparaiso,2891661,33
Gran Valparaiso,2479407,31
Gran Valparaiso,2888439,21
Gran Valparaiso,5285727,16
Gran Valparaiso,5361801,15
Gran Valparaiso,1114140,12
Gran Valparaiso,5341112,11
Gran Valparaiso,2436940,9
Gran Valparaiso,8208358,7
Gran Valparaiso,3188875,5
Gran Valparaiso,1114246,4
Gran Valparaiso,2477581,4
Gran Valparaiso,2928774,3
Gran Valparaiso,5341784,3
Gran Valparaiso,5190769,2
Gran Valparaiso,8427624,2
Gran Valparaiso,2891664,1
Gran Valparaiso,2928767,1
Gran Valparaiso,3085625,1
Gran Valparaiso,3189739,1
Gran Valparaiso,3189767,1
Gran Valparaiso,5290192,1
Gran Valparaiso,7429082,1
Gran Valparaiso,8262702,1
Gran Valparaiso,5380041,46
Gran Valparaiso,2996929,21
Gran Valparaiso,5384848,21
Gran Valparaiso,3145214,19
Gran Valparaiso,8174785,15
Gran Valparaiso,3040983,11
Gran Valparaiso,7678610,7
Gran Valparaiso,5352251,5
Gran Valparaiso,7538163,4
Gran Valparaiso,2984366,3
Gran Valparaiso,3040227,3
Gran Valparaiso,3040251,3
Gran Valparaiso,3046851,3
Gran Valparaiso,3108983,3
Gran Valparaiso,5403742,3
Gran Valparaiso,2439261,2
Gran Valparaiso,3033374,2
Gran Valparaiso,3046812,2
Gran Valparaiso,3084719,2
Gran Valparaiso,5372639,2
Gran Valparaiso,2439270,1
Gran Valparaiso,3002461,1
Gran Valparaiso,3033318,1
Gran Valparaiso,3033339,1
Gran Valparaiso,3085810,1
Gran Valparaiso,3190381,1
Gran Valparaiso,4933568,1
Gran Valparaiso,5289919,1
Gran Valparaiso,5339050,1
Gran Valparaiso,5355395,1
Gran Valparaiso,8195144,1
Gran Valparaiso,2889934,68
Gran Valparaiso,5347796,33
Gran Valparaiso,3169708,28
Gran Valparaiso,3171954,27
Gran Valparaiso,5217334,23
Gran Valparaiso,1311649,15
Gran Valparaiso,5361815,10
Gran Valparaiso,3172077,6
Gran Valparaiso,2443002,5
Gran Valparaiso,3172086,5
Gran Valparaiso,5358748,5
Gran Valparaiso,5359477,4
Gran Valparaiso,5394163,4
Gran Valparaiso,3089150,3
Gran Valparaiso,3118430,3
Gran Valparaiso,2868827,2
Gran Valparaiso,2975014,2
Gran Valparaiso,5331181,2
Gran Valparaiso,5358935,2
Gran Valparaiso,5384604,2
Gran Valparaiso,8324121,2
Gran Valparaiso,2765156,1
Gran Valparaiso,3085633,1
Gran Valparaiso,3172048,1
Gran Valparaiso,5289534,1
Gran Valparaiso,5358694,1
Gran Valparaiso,5359395,1
Gran Valparaiso,5359429,1
Gran Valparaiso,5359510,1
Gran Valparaiso,5361865,1
Gran Valparaiso,5554574,1
Gran Valparaiso,7736551,1
Gran Valparaiso,9182154,1
Gran Concepcion,1340503,134
Gran Concepcion,2979000,73
Gran Concepcion,2979474,56
Gran Concepcion,8184903,32
Gran Concepcion,5325855,26
Gran Concepcion,3114986,16
Gran Concepcion,2926110,14
Gran Concepcion,5414976,13
Gran Concepcion,5391802,11
Gran Concepcion,2876213,10
Gran Concepcion,3120060,4
Gran Concepcion,2705300,3
Gran Concepcion,7747216,3
Gran Concepcion,2441022,2
Gran Concepcion,2706435,2
Gran Concepcion,3083786,2
Gran Concepcion,1340383,1
Gran Concepcion,2704505,1
Gran Concepcion,3033191,1
Gran Concepcion,3042845,1
Gran Concepcion,5374672,1
Gran Concepcion,5384390,1
Gran Concepcion,7792960,1
Gran Concepcion,2495414,59
Gran Concepcion,5858758,44
Gran Concepcion,5392252,41
Gran Concepcion,3112801,33
Gran Concepcion,3034807,30
Gran Concepcion,2702792,26
Gran Concepcion,5228080,26
Gran Concepcion,9751099,20
Gran Concepcion,2480830,19
Gran Concepcion,2928390,19
Gran Concepcion,8200663,15
Gran Concepcion,2370771,14
Gran Concepcion,2702793,12
Gran Concepcion,9890104,12
Gran Concepcion,3112110,11
Gran Concepcion,3114667,9
Gran Concepcion,3112364,7
Gran Concepcion,5391480,7
Gran Concepcion,2928441,6
Gran Concepcion,5362055,6
Gran Concepcion,5375388,6
Gran Concepcion,2747939,5
Gran Concepcion,3110767,5
Gran Concepcion,5219173,5
Gran Concepcion,8542672,5
Gran Concepcion,3046258,4
Gran Concepcion,3103791,4
Gran Concepcion,4064467,4
Gran Concepcion,2703647,3
Gran Concepcion,7627205,3
Gran Concepcion,2703723,2
Gran Concepcion,9324713,2
Gran Concepcion,2703777,1
Gran Concepcion,3092083,1
Gran Concepcion,3138230,1
Gran Concepcion,5178595,1
Gran Concepcion,5403304,1
Gran Concepcion,6109637,1
Gran Concepcion,8149099,1
Gran Concepcion,8370958,1
Gran Concepcion,4989904,127
Gran Concepcion,2925895,64
Gran Concepcion,2975667,35
Gran Concepcion,3034922,29
Gran Concepcion,2888380,25
Gran Concepcion,5414995,20
Gran Concepcion,2925892,19
Gran Concepcion,3034742,19
Gran Concepcion,3176787,15
Gran Concepcion,2888816,14
Gran Concepcion,4286975,14
Gran Concepcion,2435035,12
Gran Concepcion,2715482,11
Gran Concepcion,2928751,11
Gran Concepcion,2705308,10
Gran Concepcion,3066386,8
Gran Concepcion,5334218,7
Gran Concepcion,3066965,6
Gran Concepcion,3147168,6
Gran Concepcion,2440886,5
Gran Concepcion,2913548,4
Gran Concepcion,2890040,3
Gran Concepcion,2890541,3
Gran Concepcion,2891488,3
Gran Concepcion,5365717,3
Gran Concepcion,2350570,2
Gran Concepcion,5329263,2
Gran Concepcion,5354656,2
Gran Concepcion,5531376,2
Gran Concepcion,9485490,2
Gran Concepcion,2891628,1
Gran Concepcion,3066367,1
Gran Concepcion,3067119,1
Gran Concepcion,3085413,1
Gran Concepcion,3119175,1
Gran Concepcion,3189152,1
Gran Concepcion,9419993,1
Gran Concepcion,2963807,26
Gran Concepcion,8338793,21
Gran Concepcion,2873896,17
Gran Concepcion,3189486,14
Gran Concepcion,3935079,12
Gran Concepcion,2927189,11
Gran Concepcion,2965201,10
Gran Concepcion,5290177,10
Gran Concepcion,2965531,9
Gran Concepcion,3093702,8
Gran Concepcion,2965527,7
Gran Concepcion,1316908,6
Gran Concepcion,2701311,4
Gran Concepcion,2971016,4
Gran Concepcion,2971095,4
Gran Concepcion,3086240,4
Gran Concepcion,3134857,3
Gran Concepcion,3140346,3
Gran Concepcion,3188747,3
Gran Concepcion,3189525,3
Gran Concepcion,5373358,3
Gran Concepcion,9151957,3
Gran Concepcion,11055820,2
Gran Concepcion,2706241,2
Gran Concepcion,2926679,2
Gran Concepcion,3170819,2
Gran Concepcion,5357013,2
Gran Concepcion,6413649,2
Gran Concepcion,7886346,2
Gran Concepcion,7952072,2
Gran Concepcion,2434333,1
Gran Concepcion,2706164,1
Gran Concepcion,2873861,1
Gran Concepcion,2927069,1
Gran Concepcion,2964025,1
Gran Concepcion,3152367,1
Gran Concepcion,3152378,1
Gran Concepcion,5341501,1
Gran Concepcion,5356931,1
Gran Concepcion,5377378,1
Gran Concepcion,8707933,1
Gran Concepcion,8848598,1
Gran Concepcion,5231190,59
Gran Concepcion,2484396,45
Gran Concepcion,5285727,33
Gran Concepcion,5341112,30
Gran Concepcion,2891661,24
Gran Concepcion,8208358,18
Gran Concepcion,1114246,12
Gran Concepcion,3188875,12
Gran Concepcion,3189767,12
Gran Concepcion,2436940,10
Gran Concepcion,3085625,9
Gran Concepcion,5341784,6
Gran Concepcion,2891664,5
Gran Concepcion,2928767,5
Gran Concepcion,7733140,5
Gran Concepcion,3141855,4
Gran Concepcion,3189739,4
Gran Concepcion,5358265,3
Gran Concepcion,8049400,3
Gran Concepcion,8427624,3
Gran Concepcion,1114140,2
Gran Concepcion,2479407,2
Gran Concepcion,2888439,2
Gran Concepcion,2888443,2
Gran Concepcion,5204019,2
Gran Concepcion,12186874,1
Gran Concepcion,2412370,1
Gran Concepcion,2477581,1
Gran Concepcion,3085381,1
Gran Concepcion,3173271,1
Gran Concepcion,7821030,1
Gran Concepcion,2996929,37
Gran Concepcion,3033339,27
Gran Concepcion,5341297,25
Gran Concepcion,5384848,21
Gran Concepcion,2888995,14
Gran Concepcion,3145214,14
Gran Concepcion,8174785,13
Gran Concepcion,5364245,11
Gran Concepcion,5339050,8
Gran Concepcion,7678610,8
Gran Concepcion,5352251,7
Gran Concepcion,5372639,7
Gran Concepcion,7538163,7
Gran Concepcion,2439261,6
Gran Concepcion,2984366,5
Gran Concepcion,3033318,5
Gran Concepcion,3040227,5
Gran Concepcion,3040983,5
Gran Concepcion,3108983,4
Gran Concepcion,3084719,3
Gran Concepcion,3105782,3
Gran Concepcion,2888728,2
Gran Concepcion,3085360,2
Gran Concepcion,3190381,2
Gran Concepcion,5373368,2
Gran Concepcion,7301010,2
Gran Concepcion,8215487,2
Gran Concepcion,2439270,1
Gran Concepcion,2889011,1
Gran Concepcion,3083957,1
Gran Concepcion,3107987,1
Gran Concepcion,3131229,1
Gran Concepcion,3170875,1
Gran Concepcion,5289919,1
Gran Concepcion,5380041,1
Gran Concepcion,6409706,1
Gran Concepcion,8195144,1
Gran Concepcion,8941837,1
Gran Concepcion,9150405,1
Gran Concepcion,5347796,73
Gran Concepcion,3169708,56
Gran Concepcion,2951984,29
Gran Concepcion,3171954,28
Gran Concepcion,2889934,25
Gran Concepcion,5358748,20
Gran Concepcion,1311649,15
Gran Concepcion,5394163,14
Gran Concepcion,3172077,13
Gran Concepcion,5554574,13
Gran Concepcion,2765156,11
Gran Concepcion,2868827,10
Gran Concepcion,2975014,10
Gran Concepcion,2443002,9
Gran Concepcion,3172057,9
Gran Concepcion,5359429,9
Gran Concepcion,5359330,7
Gran Concepcion,5384604,7
Gran Concepcion,5359395,6
Gran Concepcion,3172048,5
Gran Concepcion,5359510,5
Gran Concepcion,3118430,4
Gran Concepcion,3171949,4
Gran Concepcion,3172086,4
Gran Concepcion,5358694,4
Gran Concepcion,5359477,3
Gran Concepcion,5361815,3
Gran Concepcion,8324121,3
Gran Concepcion,3085633,2
Gran Concepcion,3089150,2
Gran Concepcion,5331235,2
Gran Concepcion,2702870,1
Gran Concepcion,2975384,1
Gran Concepcion,3097166,1
Gran Concepcion,3171939,1
Gran Concepcion,5331181,1
Gran Concepcion,5359246,1
Gran Concepcion,5361865,1
Gran Concepcion,5421116,1
Gran Concepcion,7570897,1
Gran Concepcion,7736551,1
Gran La Serena,1340503,81
Gran La Serena,8184903,10
Gran La Serena,2778437,4
Gran La Serena,2441022,3
Gran La Serena,2979000,3
Gran La Serena,3083667,2
Gran La Serena,3190653,2
Gran La Serena,3974754,2
Gran La Serena,5200757,2
Gran La Serena,2703041,1
Gran La Serena,2979474,1
Gran La Serena,3152633,1
Gran La Serena,8971274,1
Gran La Serena,2480830,69
Gran La Serena,2495414,54
Gran La Serena,5219173,45
Gran La Serena,3112110,24
Gran La Serena,7627205,22
Gran La Serena,3112801,21
Gran La Serena,5858758,16
Gran La Serena,5228080,14
Gran La Serena,5392252,14
Gran La Serena,2441056,13
Gran La Serena,8200663,13
Gran La Serena,2370771,10
Gran La Serena,9751099,10
Gran La Serena,4984851,6
Gran La Serena,2928390,2
Gran La Serena,3112364,2
Gran La Serena,5178082,2
Gran La Serena,7820753,2
Gran La Serena,8149099,2
Gran La Serena,8181293,2
Gran La Serena,2329622,1
Gran La Serena,2891930,1
Gran La Serena,5391480,1
Gran La Serena,7903057,1
Gran La Serena,8370958,1
Gran La Serena,8542672,1
Gran La Serena,2435035,29
Gran La Serena,5554961,16
Gran La Serena,4989904,14
Gran La Serena,5531376,14
Gran La Serena,9485490,13
Gran La Serena,2888380,8
Gran La Serena,2440886,6
Gran La Serena,3034922,6
Gran La Serena,3066386,4
Gran La Serena,2913548,3
Gran La Serena,2928751,3
Gran La Serena,5334218,3
Gran La Serena,3147168,2
Gran La Serena,3176787,2
Gran La Serena,4286975,2
Gran La Serena,2713559,1
Gran La Serena,2890040,1
Gran La Serena,3050595,1
Gran La Serena,3593900,1
Gran La Serena,5375920,1
Gran La Serena,9297163,1
Gran La Serena,3084839,50
Gran La Serena,1316908,17
Gran La Serena,3935079,12
Gran La Serena,2971016,11
Gran La Serena,3172129,9
Gran La Serena,2434333,8
Gran La Serena,2927069,6
Gran La Serena,2965201,4
Gran La Serena,3171145,4
Gran La Serena,5373358,4
Gran La Serena,9151957,4
Gran La Serena,3152378,3
Gran La Serena,3935047,3
Gran La Serena,7886346,3
Gran La Serena,7952072,3
Gran La Serena,3084837,2
Gran La Serena,11055820,1
Gran La Serena,2219218,1
Gran La Serena,2873861,1
Gran La Serena,2928576,1
Gran La Serena,2971095,1
Gran La Serena,3086240,1
Gran La Serena,3756029,1
Gran La Serena,5289762,1
Gran La Serena,5289906,1
Gran La Serena,5357013,1
Gran La Serena,5376925,1
Gran La Serena,8848598,1
Gran La Serena,2484396,56
Gran La Serena,5231190,47
Gran La Serena,2928783,36
Gran La Serena,5341112,35
Gran La Serena,2477581,20
Gran La Serena,2891661,19
Gran La Serena,2436940,16
Gran La Serena,2888439,11
Gran La Serena,1114140,8
Gran La Serena,2479407,7
Gran La Serena,8208358,3
Gran La Serena,1114246,2
Gran La Serena,3188875,2
Gran La Serena,5341766,2
Gran La Serena,2928774,1
Gran La Serena,3141855,1
Gran La Serena,3189767,1
Gran La Serena,5341784,1
Gran La Serena,5361801,1
Gran La Serena,5380041,9
Gran La Serena,7678610,7
Gran La Serena,3145214,4
Gran La Serena,4937445,4
Gran La Serena,3108983,3
Gran La Serena,2439261,2
Gran La Serena,3040983,2
Gran La Serena,3083957,2
Gran La Serena,3040227,1
Gran La Serena,3131229,1
Gran La Serena,3169313,1
Gran La Serena,5352251,1
Gran La Serena,5372639,1
Gran La Serena,5373368,1
Gran La Serena,5384848,1
Gran La Serena,7538163,1
Gran La Serena,2889934,20
Gran La Serena,3171954,12
Gran La Serena,1311649,10
Gran La Serena,2443002,9
Gran La Serena,5358748,8
Gran La Serena,2868827,5
Gran La Serena,5394163,4
Gran La Serena,3089150,3
Gran La Serena,5289534,2
Gran La Serena,5361815,2
Gran La Serena,3118430,1
Gran La Serena,3172048,1
Gran La Serena,3172077,1
Gran La Serena,3172086,1
Gran La Serena,5358935,1
Gran La Serena,7570897,1
Gran La Serena,7705930,1
Gran La Serena,7736551,1
Antofagasta,2703041,3
Antofagasta,3083652,1
Antofagasta,5371879,1
Antofagasta,9657641,1
Antofagasta,2495414,8
Antofagasta,5858758,8
Antofagasta,2480830,5
Antofagasta,5219173,5
Antofagasta,8149099,3
Antofagasta,2435035,6
Antofagasta,2975667,1
Antofagasta,3034922,1
Antofagasta,3935079,4
Antofagasta,1316908,3
Antofagasta,9151957,3
Antofagasta,2434333,2
Antofagasta,5373358,2
Antofagasta,2706242,1
Antofagasta,2965201,1
Antofagasta,2971016,1
Antofagasta,3084839,1
Antofagasta,4129708,1
Antofagasta,2484396,21
Antofagasta,2479407,12
Antofagasta,5231190,12
Antofagasta,2928783,8
Antofagasta,3189767,2
Antofagasta,1114140,1
Antofagasta,1325561,1
Antofagasta,5289917,1
Antofagasta,5290149,1
Antofagasta,7429082,1
Antofagasta,5289919,1
Antofagasta,5358748,2
Antofagasta,1323402,1
Antofagasta,2443002,1
Antofagasta,2889934,1
Temuco,2979000,17
Temuco,1340503,15
Temuco,2979474,14
Temuco,3120060,6
Temuco,8184903,5
Temuco,1340383,2
Temuco,2876213,2
Temuco,2926110,2
Temuco,5391802,2
Temuco,2865100,1
Temuco,5414976,1
Temuco,8971274,1
Temuco,5858758,27
Temuco,5228080,9
Temuco,5392252,7
Temuco,2495414,6
Temuco,2480830,4
Temuco,3034807,4
Temuco,5391480,4
Temuco,3112801,3
Temuco,5219173,3
Temuco,2702793,1
Temuco,2703723,1
Temuco,2928390,1
Temuco,5375388,1
Temuco,8200663,1
Temuco,9751099,1
Temuco,4989904,40
Temuco,2925892,16
Temuco,2888380,9
Temuco,2925895,5
Temuco,3034922,5
Temuco,2435035,4
Temuco,5414995,4
Temuco,2913548,3
Temuco,3034742,3
Temuco,3066386,3
Temuco,5354707,3
Temuco,2888816,2
Temuco,2928751,2
Temuco,2975667,2
Temuco,9419993,2
Temuco,2705308,1
Temuco,2890040,1
Temuco,2890668,1
Temuco,2891488,1
Temuco,3066367,1
Temuco,3066965,1
Temuco,3172358,1
Temuco,3176787,1
Temuco,5334218,1
Temuco,1316908,6
Temuco,3189486,6
Temuco,2963807,5
Temuco,2965527,4
Temuco,3134857,4
Temuco,5384741,4
Temuco,8338793,3
Temuco,2434333,1
Temuco,2873896,1
Temuco,2927189,1
Temuco,2928576,1
Temuco,2965201,1
Temuco,5341501,1
Temuco,7886346,1
Temuco,5231190,21
Temuco,2484396,10
Temuco,8208358,6
Temuco,2436940,5
Temuco,2479407,5
Temuco,3189767,3
Temuco,1114140,2
Temuco,2891664,2
Temuco,7733140,2
Temuco,2704179,1
Temuco,2888443,1
Temuco,5190769,1
Temuco,5285727,1
Temuco,5341177,1
Temuco,5358265,1
Temuco,8427624,1
Temuco,3033339,5
Temuco,2996929,4
Temuco,3145214,4
Temuco,2888728,3
Temuco,2889011,3
Temuco,5341297,3
Temuco,5352251,3
Temuco,3108983,2
Temuco,7678610,2
Temuco,8174785,2
Temuco,2439270,1
Temuco,2888995,1
Temuco,2984366,1
Temuco,3040227,1
Temuco,3085360,1
Temuco,5372639,1
Temuco,3169708,13
Temuco,2951984,10
Temuco,3171949,7
Temuco,5358748,6
Temuco,1311649,5
Temuco,3172077,5
Temuco,3171954,4
Temuco,5347796,4
Temuco,2889934,3
Temuco,5361815,3
Temuco,5384604,2
Temuco,8324121,2
Temuco,2868827,1
Temuco,3089150,1
Temuco,3118430,1
Temuco,3172048,1
Temuco,3172057,1
Temuco,3172086,1
Temuco,5358683,1
Temuco,5359378,1
Temuco,5359429,1
Temuco,5394163,1
Iquique,5371743,1
Iquique,2495414,7
Iquique,2480830,4
Iquique,2928390,1
Iquique,4984851,1
Iquique,6109637,1
Iquique,8149099,1
Iquique,2928755,2
Iquique,2913548,1
Iquique,3935079,2
Iquique,2965531,1
Iquique,9151957,1
Iquique,5231190,8
Iquique,5341112,1
Iquique,8208358,1
Iquique,3084883,3
Rancagua,1340503,7
Rancagua,2979474,3
Rancagua,3042636,2
Rancagua,5384396,2
Rancagua,1340383,1
Rancagua,2926110,1
Rancagua,2979000,1
Rancagua,3042845,1
Rancagua,3102781,1
Rancagua,3190653,1
Rancagua,3974754,1
Rancagua,5391802,1
Rancagua,2495414,45
Rancagua,5228080,8
Rancagua,3083838,6
Rancagua,2480830,5
Rancagua,2928390,4
Rancagua,3034807,4
Rancagua,5375388,4
Rancagua,5858758,4
Rancagua,6109637,4
Rancagua,5392252,3
Rancagua,2441056,1
Rancagua,2703723,1
Rancagua,2891930,1
Rancagua,3089561,1
Rancagua,3112364,1
Rancagua,3112801,1
Rancagua,3114667,1
Rancagua,5219173,1
Rancagua,5391480,1
Rancagua,8149099,1
Rancagua,8542672,1
Rancagua,9751099,1
Rancagua,2888380,13
Rancagua,9419993,5
Rancagua,3050595,4
Rancagua,4989904,3
Rancagua,5334218,3
Rancagua,2913548,2
Rancagua,3066386,2
Rancagua,9485490,2
Rancagua,2440886,1
Rancagua,2891488,1
Rancagua,2975667,1
Rancagua,3066367,1
Rancagua,3066965,1
Rancagua,6391461,1
Rancagua,3152378,3
Rancagua,5374118,3
Rancagua,2926679,2
Rancagua,7886346,2
Rancagua,8338793,2
Rancagua,1316908,1
Rancagua,2927189,1
Rancagua,2971016,1
Rancagua,3084837,1
Rancagua,3086240,1
Rancagua,3093702,1
Rancagua,3140346,1
Rancagua,3140490,1
Rancagua,3188747,1
Rancagua,5289762,1
Rancagua,5373358,1
Rancagua,9151957,1
Rancagua,5231190,28
Rancagua,2484396,13
Rancagua,2479407,4
Rancagua,2888439,3
Rancagua,7821030,3
Rancagua,1114246,2
Rancagua,8208358,2
Rancagua,2436940,1
Rancagua,2704179,1
Rancagua,3189767,1
Rancagua,5289752,1
Rancagua,8427624,1
Rancagua,3040983,3
Rancagua,5372639,2
Rancagua,5373368,2
Rancagua,2889011,1
Rancagua,3084719,1
Rancagua,3108983,1
Rancagua,3145214,1
Rancagua,5361815,4
Rancagua,1311649,3
Rancagua,3171954,3
Rancagua,5384604,3
Rancagua,5394163,3
Rancagua,5358748,2
Rancagua,3089150,1
Rancagua,3169708,1
Rancagua,3172077,1
Rancagua,6109535,1
Talca,2979474,24
Talca,1340503,8
Talca,1340383,4
Talca,3190653,4
Talca,2876213,3
Talca,2926110,3
Talca,2441022,2
Talca,2979000,2
Talca,5391802,1
Talca,5392252,13
Talca,3034807,11
Talca,2928390,10
Talca,5858758,8
Talca,2495414,7
Talca,5219173,5
Talca,5228080,5
Talca,2480830,3
Talca,2928441,3
Talca,3083838,2
Talca,3112801,2
Talca,5375388,2
Talca,2370771,1
Talca,2441056,1
Talca,2702792,1
Talca,2747939,1
Talca,3103791,1
Talca,3114667,1
Talca,3128888,1
Talca,9751099,1
Talca,4989904,34
Talca,2975667,19
Talca,2888380,18
Talca,2435035,9
Talca,2928751,6
Talca,3119175,6
Talca,2765942,4
Talca,3034922,4
Talca,4286975,4
Talca,11869920,3
Talca,5334218,3
Talca,2440886,2
Talca,3066386,2
Talca,3176787,2
Talca,2350570,1
Talca,2888816,1
Talca,2891628,1
Talca,3050595,1
Talca,3152560,1
Talca,9419993,1
Talca,11055820,32
Talca,2965531,3
Talca,1316908,2
Talca,2927189,2
Talca,2080592,1
Talca,2701311,1
Talca,2927069,1
Talca,2964025,1
Talca,2971095,1
Talca,7886346,1
Talca,8338793,1
Talca,5231190,13
Talca,2888439,5
Talca,2891661,4
Talca,2436940,3
Talca,1114246,2
Talca,2479407,2
Talca,3189767,2
Talca,2704179,1
Talca,2882437,1
Talca,5285727,1
Talca,8208358,1
Talca,3145214,10
Talca,2996929,9
Talca,5352251,6
Talca,5372639,3
Talca,3170875,2
Talca,7678610,2
Talca,2932184,1
Talca,3040227,1
Talca,3040983,1
Talca,3108983,1
Talca,5339050,1
Talca,5380041,1
Talca,8174785,1
Talca,3171954,11
Talca,1311649,6
Talca,3172086,6
Talca,3089150,3
Talca,5358748,3
Talca,3118430,1
Talca,3171949,1
Talca,3172077,1
Talca,5358694,1
Talca,5359378,1
Talca,5359510,1
Talca,7705930,1
Talca,9182154,1
Arica,1340503,1
Arica,3170241,1
Arica,3795445,1
Arica,2480830,6
Arica,2495414,1
Arica,3084837,1
Arica,5231190,3
Arica,2484396,2
Arica,3084883,1
Arica,2889934,1
Chillan,2979474,69
Chillan,1340503,17
Chillan,2926110,5
Chillan,2979000,5
Chillan,1340383,4
Chillan,5325855,4
Chillan,3042636,3
Chillan,2865100,2
Chillan,3190653,2
Chillan,5414976,1
Chillan,2495414,13
Chillan,5392252,7
Chillan,5858758,6
Chillan,2928390,5
Chillan,3034807,3
Chillan,5228080,3
Chillan,5375388,2
Chillan,8200663,2
Chillan,2480830,1
Chillan,2702792,1
Chillan,2928441,1
Chillan,3112801,1
Chillan,7903057,1
Chillan,4989904,23
Chillan,2888380,16
Chillan,3034922,7
Chillan,2925892,6
Chillan,2928751,6
Chillan,2975667,6
Chillan,9419993,5
Chillan,2925895,4
Chillan,4286975,4
Chillan,3034742,2
Chillan,3050595,2
Chillan,2435035,1
Chillan,2440886,1
Chillan,2702808,1
Chillan,2705308,1
Chillan,2888816,1
Chillan,2891488,1
Chillan,2913548,1
Chillan,3066386,1
Chillan,3132570,1
Chillan,3176787,1
Chillan,5414995,1
Chillan,2927069,3
Chillan,2965531,2
Chillan,3093702,2
Chillan,3152374,2
Chillan,5341501,2
Chillan,11055820,1
Chillan,2873861,1
Chillan,2926679,1
Chillan,3134857,1
Chillan,3152378,1
Chillan,8338793,1
Chillan,5231190,6
Chillan,5285727,6
Chillan,2436940,3
Chillan,2484396,3
Chillan,2704179,2
Chillan,2891664,2
Chillan,8208358,2
Chillan,1114246,1
Chillan,2888439,1
Chillan,5190769,1
Chillan,5341784,1
Chillan,7733140,1
Chillan,5352251,60
Chillan,2996929,18
Chillan,3040983,5
Chillan,3084719,5
Chillan,2888995,2
Chillan,3145214,2
Chillan,5364245,2
Chillan,5372639,2
Chillan,2888978,1
Chillan,2889011,1
Chillan,2931104,1
Chillan,3002461,1
Chillan,3033318,1
Chillan,3040227,1
Chillan,3105782,1
Chillan,3108983,1
Chillan,5339050,1
Chillan,7678610,1
Chillan,5347796,18
Chillan,1311649,6
Chillan,5358748,6
Chillan,3172077,5
Chillan,3171954,4
Chillan,5394163,4
Chillan,3169708,3
Chillan,5384604,3
Chillan,2889934,2
Chillan,2975014,2
Chillan,3171949,2
Chillan,3172086,2
Chillan,3118430,1
Chillan,5359246,1
Chillan,5359378,1
Chillan,5359429,1
Chillan,5361815,1
Chillan,5361865,1
Chillan,8324121,1
Puerto Montt,1340503,16
Puerto Montt,1340383,3
Puerto Montt,3117424,3
Puerto Montt,2979000,2
Puerto Montt,2979474,2
Puerto Montt,3042845,2
Puerto Montt,3120060,2
Puerto Montt,2865100,1
Puerto Montt,2876213,1
Puerto Montt,5200757,1
Puerto Montt,2495414,29
Puerto Montt,5858758,15
Puerto Montt,2747939,12
Puerto Montt,5219173,8
Puerto Montt,3112801,5
Puerto Montt,3034807,2
Puerto Montt,3112110,2
Puerto Montt,2441056,1
Puerto Montt,2480830,1
Puerto Montt,2928441,1
Puerto Montt,3103791,1
Puerto Montt,4984851,1
Puerto Montt,8200663,1
Puerto Montt,8370958,1
Puerto Montt,5414995,14
Puerto Montt,3034922,6
Puerto Montt,2889173,4
Puerto Montt,4989904,3
Puerto Montt,2435035,2
Puerto Montt,2925892,2
Puerto Montt,5354656,2
Puerto Montt,2440886,1
Puerto Montt,2705308,1
Puerto Montt,2888380,1
Puerto Montt,2890668,1
Puerto Montt,2913548,1
Puerto Montt,3066386,1
Puerto Montt,3147168,1
Puerto Montt,2963807,3
Puerto Montt,8848598,3
Puerto Montt,3134857,2
Puerto Montt,3189525,2
Puerto Montt,5357013,2
Puerto Montt,7952072,2
Puerto Montt,2434333,1
Puerto Montt,2701311,1
Puerto Montt,2706164,1
Puerto Montt,3189486,1
Puerto Montt,5384741,1
Puerto Montt,5231190,20
Puerto Montt,7733140,6
Puerto Montt,8208358,6
Puerto Montt,2484396,2
Puerto Montt,5204019,2
Puerto Montt,3033339,6
Puerto Montt,5341297,4
Puerto Montt,8174785,3
Puerto Montt,2996929,2
Puerto Montt,3108983,2
Puerto Montt,5372639,2
Puerto Montt,2888995,1
Puerto Montt,5352251,1
Puerto Montt,5384848,1
Puerto Montt,8215487,1
Puerto Montt,2951984,17
Puerto Montt,5358748,11
Puerto Montt,8324121,8
Puerto Montt,1311649,4
Puerto Montt,3169708,2
Puerto Montt,3171949,2
Puerto Montt,5359429,2
Puerto Montt,5394163,2
Puerto Montt,2868827,1
Puerto Montt,3118430,1
Puerto Montt,3172057,1
Puerto Montt,3172077,1
Calama,9657641,1
Calama,2495414,4
Calama,2480830,2
Calama,2703723,1
Calama,9151957,1
Calama,5204019,1
Calama,2439261,1
Osorno,1340503,43
Osorno,2979474,15
Osorno,2979000,7
Osorno,3117424,6
Osorno,3120060,6
Osorno,2876213,4
Osorno,8971274,4
Osorno,1340383,3
Osorno,2926110,2
Osorno,5391802,1
Osorno,5219173,10
Osorno,5858758,9
Osorno,5392252,6
Osorno,3034807,4
Osorno,3112801,4
Osorno,2480830,2
Osorno,2495414,2
Osorno,5391480,2
Osorno,9890104,2
Osorno,3103791,1
Osorno,4989904,25
Osorno,3176787,7
Osorno,3034922,6
Osorno,2435035,5
Osorno,3066386,3
Osorno,3066965,3
Osorno,2925892,2
Osorno,5354656,2
Osorno,5414995,2
Osorno,2705308,1
Osorno,2913548,1
Osorno,2925895,1
Osorno,2975667,1
Osorno,3119175,1
Osorno,3147168,1
Osorno,4286975,1
Osorno,5334218,1
Osorno,3093702,2
Osorno,3189525,2
Osorno,2434333,1
Osorno,3134857,1
Osorno,5384741,1
Osorno,7886346,1
Osorno,8338793,1
Osorno,8848598,1
Osorno,5231190,6
Osorno,2484396,5
Osorno,8208358,4
Osorno,3189767,2
Osorno,5285727,2
Osorno,7733140,2
Osorno,2888439,1
Osorno,3145214,11
Osorno,3040227,4
Osorno,5372639,3
Osorno,5352251,2
Osorno,2996929,1
Osorno,3033339,1
Osorno,3040983,1
Osorno,3085360,1
Osorno,3085810,1
Osorno,5339050,1
Osorno,8174785,1
Osorno,8215487,1
Osorno,5358748,7
Osorno,3172086,5
Osorno,8324121,5
Osorno,5394163,4
Osorno,1311649,3
Osorno,3169708,3
Osorno,2765156,1
Osorno,2868827,1
Osorno,2975014,1
Osorno,3118430,1
Osorno,3171949,1
Osorno,3171954,1
Osorno,5331235,1
Osorno,5347796,1
Valdivia,1340503,22
Valdivia,2979000,18
Valdivia,2876213,10
Valdivia,2979474,5
Valdivia,3120060,5
Valdivia,5325855,5
Valdivia,1340383,3
Valdivia,3117424,3
Valdivia,8184903,3
Valdivia,2865100,2
Valdivia,5391802,2
Valdivia,2441022,1
Valdivia,3033191,1
Valdivia,3114986,1
Valdivia,2495414,16
Valdivia,5858758,16
Valdivia,2747939,11
Valdivia,5228080,8
Valdivia,2928441,5
Valdivia,2480830,3
Valdivia,3103791,3
Valdivia,3034807,2
Valdivia,5392252,2
Valdivia,7439391,2
Valdivia,2440958,1
Valdivia,2702792,1
Valdivia,2928390,1
Valdivia,3034871,1
Valdivia,3112801,1
Valdivia,5219173,1
Valdivia,5403304,1
Valdivia,4989904,38
Valdivia,5414995,21
Valdivia,5329263,7
Valdivia,3034922,6
Valdivia,5354656,6
Valdivia,2975667,3
Valdivia,3066386,3
Valdivia,2350570,2
Valdivia,2435035,2
Valdivia,2440886,2
Valdivia,2705308,2
Valdivia,2891488,2
Valdivia,2925895,2
Valdivia,5334218,2
Valdivia,5354707,2
Valdivia,5365717,2
Valdivia,2715482,1
Valdivia,2888380,1
Valdivia,2913548,1
Valdivia,2928751,1
Valdivia,3147168,1
Valdivia,5289972,1
Valdivia,2434333,18
Valdivia,3188736,8
Valdivia,3189525,6
Valdivia,7952072,4
Valdivia,2701311,3
Valdivia,3134857,3
Valdivia,2927189,2
Valdivia,8848598,2
Valdivia,2706164,1
Valdivia,2706241,1
Valdivia,2965201,1
Valdivia,3189486,1
Valdivia,3935079,1
Valdivia,4129708,1
Valdivia,5341501,1
Valdivia,5357013,1
Valdivia,5373358,1
Valdivia,6413649,1
Valdivia,8338793,1
Valdivia,5231190,16
Valdivia,2484396,6
Valdivia,2882437,6
Valdivia,8208358,6
Valdivia,7733140,5
Valdivia,2891664,3
Valdivia,2477581,2
Valdivia,5341183,2
Valdivia,5341784,2
Valdivia,2928774,1
Valdivia,3189767,1
Valdivia,5190769,1
Valdivia,5285727,1
Valdivia,5289917,1
Valdivia,8427624,1
Valdivia,8174785,11
Valdivia,5341297,10
Valdivia,3033339,8
Valdivia,2996929,3
Valdivia,3145214,3
Valdivia,5372639,3
Valdivia,2439261,2
Valdivia,2888995,2
Valdivia,2439270,1
Valdivia,2888728,1
Valdivia,2889011,1
Valdivia,2984366,1
Valdivia,3040983,1
Valdivia,3084719,1
Valdivia,3105782,1
Valdivia,7301010,1
Valdivia,8195144,1
Valdivia,5358748,9
Valdivia,8324121,9
Valdivia,1311649,8
Valdivia,2443002,8
Valdivia,2951984,7
Valdivia,5347796,6
Valdivia,2765156,5
Valdivia,3169708,4
Valdivia,5359429,3
Valdivia,5394163,3
Valdivia,2868827,2
Valdivia,3172057,2
Valdivia,3118274,1
Valdivia,3171949,1
Valdivia,3172048,1
Valdivia,3172077,1
Valdivia,3172086,1
Copiapo,1340503,2
Copiapo,3152633,1
Copiapo,2495414,4
Copiapo,5392252,2
Copiapo,3112110,1
Copiapo,5289726,1
Copiapo,2928751,2
Copiapo,2928755,1
Copiapo,2971095,3
Copiapo,3084839,1
Copiapo,3152378,1
Copiapo,2928783,6
Copiapo,2492081,4
Copiapo,5341112,3
Copiapo,2479407,2
Copiapo,1114246,1
Copiapo,5231190,1
Copiapo,5341766,1
Copiapo,5380041,8
Copiapo,3145214,1
Copiapo,3172086,1
Los Angeles,2979474,4
Los Angeles,5391802,4
Los Angeles,1340503,2
Los Angeles,2705300,1
Los Angeles,2876213,1
Los Angeles,3042636,1
Los Angeles,2495414,5
Los Angeles,3034807,2
Los Angeles,5392252,2
Los Angeles,5858758,2
Los Angeles,6109637,2
Los Angeles,2702792,1
Los Angeles,2928390,1
Los Angeles,3083838,1
Los Angeles,3112801,1
Los Angeles,5403304,1
Los Angeles,8149099,1
Los Angeles,8370958,1
Los Angeles,2925892,4
Los Angeles,4989904,4
Los Angeles,2928751,3
Los Angeles,5334218,3
Los Angeles,2975667,2
Los Angeles,9419993,2
Los Angeles,2888380,1
Los Angeles,3034742,1
Los Angeles,3050595,1
Los Angeles,3066386,1
Los Angeles,3066965,1
Los Angeles,2706241,1
Los Angeles,3086240,1
Los Angeles,3152374,1
Los Angeles,3189486,1
Los Angeles,5341501,1
Los Angeles,5373358,1
Los Angeles,7952072,1
Los Angeles,5231190,4
Los Angeles,1114246,2
Los Angeles,7821030,2
Los Angeles,1114140,1
Los Angeles,2484396,1
Los Angeles,2891664,1
Los Angeles,3189767,1
Los Angeles,8208358,1
Los Angeles,8427624,1
Los Angeles,3145214,3
Los Angeles,8174785,3
Los Angeles,3108983,2
Los Angeles,5384848,2
Los Angeles,2439261,1
Los Angeles,2705185,1
Los Angeles,2889011,1
Los Angeles,2931104,1
Los Angeles,2984366,1
Los Angeles,2996929,1
Los Angeles,3084719,1
Los Angeles,3170875,1
Los Angeles,5341297,1
Los Angeles,5380041,1
Los Angeles,7678610,1
Los Angeles,5358748,5
Los Angeles,5331235,4
Los Angeles,1311649,2
Los Angeles,3169708,2
Los Angeles,3171949,2
Los Angeles,5347796,2
Los Angeles,2868827,1
Los Angeles,2975014,1
Los Angeles,3171954,1
Los Angeles,5331181,1
Los Angeles,5394163,1
Los Angeles,8324121,1
Los Angeles,9182154,1
Curico,1340503,4
Curico,2979000,3
Curico,1340383,1
Curico,3152493,1
Curico,5325855,1
Curico,6109534,1
Curico,8184903,1
Curico,2495414,3
Curico,2480830,2
Curico,2702792,2
Curico,2703777,1
Curico,2704394,1
Curico,2928390,1
Curico,3034807,1
Curico,3083838,1
Curico,3112801,1
Curico,3114667,1
Curico,5219173,1
Curico,5228080,1
Curico,5391480,1
Curico,7903057,1
Curico,2888380,7
Curico,5365717,5
Curico,4989904,4
Curico,2891488,3
Curico,2925892,3
Curico,2705308,2
Curico,2928751,2
Curico,3034742,2
Curico,3066386,2
Curico,2714818,1
Curico,2890040,1
Curico,2925895,1
Curico,3066367,1
Curico,3152560,1
Curico,5334218,1
Curico,2965531,2
Curico,8338793,2
Curico,2080592,1
Curico,2706241,1
Curico,2873861,1
Curico,2873896,1
Curico,2926679,1
Curico,2928576,1
Curico,2965527,1
Curico,2971016,1
Curico,3093702,1
Curico,3134857,1
Curico,5289906,1
Curico,5341501,1
Curico,5357013,1
Curico,7886346,1
Curico,2888439,2
Curico,3085625,2
Curico,8208358,2
Curico,1114246,1
Curico,2436940,1
Curico,3141855,1
Curico,3145214,2
Curico,5339050,2
Curico,5373368,2
Curico,2888946,1
Curico,2996929,1
Curico,3046890,1
Curico,7678610,1
Curico,8195144,1
Curico,3171954,5
Curico,1311649,3
Curico,2975014,1
Curico,3172077,1
Curico,5358748,1
Curico,5359395,1
Curico,5394163,1
Punta Arenas,1340503,33
Punta Arenas,3120060,30
Punta Arenas,3117424,3
Punta Arenas,2706541,1
Punta Arenas,2495414,22
Punta Arenas,3113414,10
Punta Arenas,2480830,8
Punta Arenas,5219173,7
Punta Arenas,5375388,6
Punta Arenas,3103791,5
Punta Arenas,3034807,2
Punta Arenas,3112801,1
Punta Arenas,7903057,1
Punta Arenas,8370958,1
Punta Arenas,5354656,7
Punta Arenas,3042291,3
Punta Arenas,9458333,3
Punta Arenas,2440886,1
Punta Arenas,2705308,1
Punta Arenas,3044318,1
Punta Arenas,5414995,1
Punta Arenas,2964355,31
Punta Arenas,2963807,24
Punta Arenas,8848598,6
Punta Arenas,2434333,5
Punta Arenas,7952072,3
Punta Arenas,2965201,2
Punta Arenas,7886346,2
Punta Arenas,9151957,2
Punta Arenas,2706052,1
Punta Arenas,2706164,1
Punta Arenas,3093702,1
Punta Arenas,3152374,1
Punta Arenas,5371772,1
Punta Arenas,2436940,49
Punta Arenas,5219858,21
Punta Arenas,5231190,16
Punta Arenas,8208358,5
Punta Arenas,2888439,3
Punta Arenas,5285750,2
Punta Arenas,2704178,1
Punta Arenas,2928774,1
Punta Arenas,5285727,1
Punta Arenas,5341784,1
Punta Arenas,7821030,1
Punta Arenas,5362007,6
Punta Arenas,3033339,4
Punta Arenas,8174785,4
Punta Arenas,2888995,2
Punta Arenas,3108983,2
Punta Arenas,2888946,1
Punta Arenas,3040227,1
Punta Arenas,5358748,24
Punta Arenas,5394163,6
Punta Arenas,8324121,6
Punta Arenas,5359429,4
Punta Arenas,5358902,3
Punta Arenas,3052680,2
Punta Arenas,3172057,2
Coyhaique,1340503,16
Coyhaique,1340383,4
Coyhaique,3120060,2
Coyhaique,2704505,1
Coyhaique,2705975,1
Coyhaique,2495414,6
Coyhaique,3034807,5
Coyhaique,3085433,3
Coyhaique,3112801,2
Coyhaique,5228080,2
Coyhaique,5391480,2
Coyhaique,2480830,1
Coyhaique,7903057,1
Coyhaique,2925892,7
Coyhaique,2705308,4
Coyhaique,5354656,3
Coyhaique,2435035,2
Coyhaique,5414995,2
Coyhaique,2440886,1
Coyhaique,3034922,1
Coyhaique,7473187,1
Coyhaique,9485490,1
Coyhaique,2964355,13
Coyhaique,2701311,1
Coyhaique,2706164,1
Coyhaique,3152374,1
Coyhaique,5384741,1
Coyhaique,7952072,1
Coyhaique,8848598,1
Coyhaique,9752149,5
Coyhaique,5231190,3
Coyhaique,2484396,1
Coyhaique,2704179,1
Coyhaique,5285750,1
Coyhaique,5341177,1
Coyhaique,8215487,6
Coyhaique,8174785,4
Coyhaique,3046890,2
Coyhaique,2888995,1
Coyhaique,8324121,6
Coyhaique,3118430,2
Coyhaique,3172057,2
Coyhaique,5359429,1
Coyhaique,5384604,1
Ovalle,3974754,2
Ovalle,5384396,1
Ovalle,2928390,2
Ovalle,5392252,2
Ovalle,2350394,1
Ovalle,2370771,1
Ovalle,3112801,1
Ovalle,5228080,1
Ovalle,4989904,6
Ovalle,2765942,3
Ovalle,2888380,3
Ovalle,3034922,3
Ovalle,2928751,2
Ovalle,4286975,2
Ovalle,3050595,1
Ovalle,3176787,1
Ovalle,3935047,2
Ovalle,2927069,1
Ovalle,3086240,1
Ovalle,3756029,1
Ovalle,2928783,7
Ovalle,5341112,4
Ovalle,2484396,3
Ovalle,1114246,1
Ovalle,5380041,3
Ovalle,3083957,1
Ovalle,2889934,1
Ovalle,3118430,1
Ovalle,3171954,1
Ovalle,5217334,1
San Antonio,1340503,51
San Antonio,2979000,12
San Antonio,5325855,7
San Antonio,3083667,5
San Antonio,5414976,5
San Antonio,2926110,4
San Antonio,3631293,4
San Antonio,8184903,4
San Antonio,2703041,3
San Antonio,2979474,3
San Antonio,3117424,3
San Antonio,8971274,3
San Antonio,5391845,2
San Antonio,1340383,1
San Antonio,2441022,1
San Antonio,5371743,1
San Antonio,5384396,1
San Antonio,5391802,1
San Antonio,5858758,29
San Antonio,7627205,26
San Antonio,5228080,21
San Antonio,3112364,20
San Antonio,3034807,17
San Antonio,2928441,16
San Antonio,2480830,15
San Antonio,2495414,11
San Antonio,3112110,9
San Antonio,2928390,7
San Antonio,3112801,7
San Antonio,5392252,5
San Antonio,5376961,4
San Antonio,5391480,4
San Antonio,3103791,3
San Antonio,3114667,3
San Antonio,3128483,3
San Antonio,4064467,3
San Antonio,5219173,3
San Antonio,8370958,3
San Antonio,2703723,2
San Antonio,5375388,2
San Antonio,8200663,2
San Antonio,2370771,1
San Antonio,2441056,1
San Antonio,2702793,1
San Antonio,3034871,1
San Antonio,3083838,1
San Antonio,3089561,1
San Antonio,5568361,1
San Antonio,6109637,1
San Antonio,8542672,1
San Antonio,4989904,27
San Antonio,2975667,26
San Antonio,5531376,13
San Antonio,2888380,12
San Antonio,3034922,9
San Antonio,3176787,9
San Antonio,9485490,5
San Antonio,3066386,3
San Antonio,5334218,3
San Antonio,9419993,3
San Antonio,2890541,2
San Antonio,9297163,2
San Antonio,2435035,1
San Antonio,2440886,1
San Antonio,2913548,1
San Antonio,2928751,1
San Antonio,3050595,1
San Antonio,4286975,1
San Antonio,5375920,1
San Antonio,5414995,1
San Antonio,5554961,1
San Antonio,2963807,45
San Antonio,3935079,35
San Antonio,1316908,16
San Antonio,2434333,14
San Antonio,2971016,10
San Antonio,5373358,6
San Antonio,2965531,4
San Antonio,9151957,4
San Antonio,2927069,3
San Antonio,7886346,3
San Antonio,2873896,2
San Antonio,2926679,2
San Antonio,2965527,2
San Antonio,3935047,2
San Antonio,5357013,2
San Antonio,7952072,2
San Antonio,11665063,1
San Antonio,2706241,1
San Antonio,2927189,1
San Antonio,2964025,1
San Antonio,2971095,1
San Antonio,3084839,1
San Antonio,3093702,1
San Antonio,3152378,1
San Antonio,5289762,1
San Antonio,5289906,1
San Antonio,5290177,1
San Antonio,5376925,1
San Antonio,5377378,1
San Antonio,7515045,1
San Antonio,8338793,1
San Antonio,2891661,23
San Antonio,2484396,18
San Antonio,5231190,16
San Antonio,5341112,13
San Antonio,2928783,10
San Antonio,8208358,8
San Antonio,2479407,4
San Antonio,2888439,4
San Antonio,5361801,4
San Antonio,2891664,3
San Antonio,3188875,3
San Antonio,3189739,3
San Antonio,3189767,3
San Antonio,1114246,2
San Antonio,8427624,2
San Antonio,1114140,1
San Antonio,2704179,1
San Antonio,2888443,1
San Antonio,5285727,1
San Antonio,5289744,1
San Antonio,7429082,1
San Antonio,3145214,15
San Antonio,7678610,8
San Antonio,5380041,7
San Antonio,2996929,4
San Antonio,3040983,4
San Antonio,2439270,3
San Antonio,4933568,3
San Antonio,5373368,3
San Antonio,8195144,3
San Antonio,2888995,2
San Antonio,3083957,2
San Antonio,3108983,2
San Antonio,5339050,2
San Antonio,5372639,2
San Antonio,2984366,1
San Antonio,3040251,1
San Antonio,3046812,1
San Antonio,3046851,1
San Antonio,3131229,1
San Antonio,3190381,1
San Antonio,5289919,1
San Antonio,5352251,1
San Antonio,5355395,1
San Antonio,5364245,1
San Antonio,5367273,1
San Antonio,7538163,1
San Antonio,8174785,1
San Antonio,2889934,30
San Antonio,1311649,15
San Antonio,3169708,13
San Antonio,5554574,8
San Antonio,3171954,7
San Antonio,2975014,5
San Antonio,5359395,5
San Antonio,5361815,5
San Antonio,3089150,4
San Antonio,2868827,3
San Antonio,3172077,3
San Antonio,3172086,3
San Antonio,5217334,3
San Antonio,5394163,3
San Antonio,5359510,2
San Antonio,5384604,2
San Antonio,7736551,2
San Antonio,2443002,1
San Antonio,3034819,1
San Antonio,3085633,1
San Antonio,3097166,1
San Antonio,3118430,1
San Antonio,5289534,1
San Antonio,5358694,1
San Antonio,5358748,1
San Antonio,5358935,1
San Antonio,8324121,1
San Antonio,9182154,1
Linares,2979474,2
Linares,1340383,1
Linares,1340503,1
Linares,5414976,1
Linares,2495414,2
Linares,3034807,1
Linares,4989904,2
Linares,5334218,2
Linares,2925895,1
Linares,2965531,1
Linares,3189525,1
Linares,8338793,1
Linares,2484396,1
Linares,3172086,1
Linares,5358748,1
Linares,5421116,1
Melipilla,1340503,4
Melipilla,5325855,2
Melipilla,5391802,2
Melipilla,2703041,1
Melipilla,2705290,1
Melipilla,2705300,1
Melipilla,3974754,1
Melipilla,5384334,1
Melipilla,5391845,1
Melipilla,6109534,1
Melipilla,8035698,1
Melipilla,8089871,1
Melipilla,8184903,1
Melipilla,2928390,6
Melipilla,3112364,5
Melipilla,3034807,4
Melipilla,3083838,3
Melipilla,3103791,3
Melipilla,3112801,3
Melipilla,3128483,3
Melipilla,5375388,3
Melipilla,5392252,3
Melipilla,8149099,3
Melipilla,3138230,2
Melipilla,5376961,2
Melipilla,8200663,2
Melipilla,2480830,1
Melipilla,2703723,1
Melipilla,2928441,1
Melipilla,3114667,1
Melipilla,4930695,1
Melipilla,5219173,1
Melipilla,5228080,1
Melipilla,5391480,1
Melipilla,5858758,1
Melipilla,6109637,1
Melipilla,8542672,1
Melipilla,3066386,7
Melipilla,9419993,7
Melipilla,2888380,5
Melipilla,3066367,5
Melipilla,5334218,5
Melipilla,2928751,3
Melipilla,2975667,3
Melipilla,3050595,2
Melipilla,3176787,2
Melipilla,2440886,1
Melipilla,3034922,1
Melipilla,3068153,1
Melipilla,3172358,1
Melipilla,4989904,1
Melipilla,5531376,1
Melipilla,9485490,1
Melipilla,7886346,7
Melipilla,2926679,4
Melipilla,3140490,4
Melipilla,3152378,4
Melipilla,5289762,3
Melipilla,2434333,2
Melipilla,2971016,2
Melipilla,2971095,2
Melipilla,3935079,2
Melipilla,5373358,2
Melipilla,2706241,1
Melipilla,2927069,1
Melipilla,3086240,1
Melipilla,3093702,1
Melipilla,3170819,1
Melipilla,3188747,1
Melipilla,4129708,1
Melipilla,5289906,1
Melipilla,7515045,1
Melipilla,9151957,1
Melipilla,8208358,5
Melipilla,2888439,4
Melipilla,2891661,4
Melipilla,2928783,4
Melipilla,3141855,4
Melipilla,2484396,2
Melipilla,2891664,2
Melipilla,3085381,2
Melipilla,3188875,2
Melipilla,5231190,2
Melipilla,5828201,2
Melipilla,7821030,2
Melipilla,1114246,1
Melipilla,2704179,1
Melipilla,2705162,1
Melipilla,2888443,1
Melipilla,2928905,1
Melipilla,3189767,1
Melipilla,5290192,1
Melipilla,5341112,1
Melipilla,5361801,1
Melipilla,8427624,1
Melipilla,3145214,6
Melipilla,5380041,6
Melipilla,3046851,4
Melipilla,3108983,4
Melipilla,5373368,4
Melipilla,2888978,3
Melipilla,2984366,2
Melipilla,3084719,2
Melipilla,5289919,2
Melipilla,2439261,1
Melipilla,2705185,1
Melipilla,3033318,1
Melipilla,3131229,1
Melipilla,4492199,1
Melipilla,5384848,1
Melipilla,7678610,1
Melipilla,8195144,1
Melipilla,3171954,8
Melipilla,5361815,8
Melipilla,5394163,8
Melipilla,5358748,7
Melipilla,3089150,4
Melipilla,3169708,3
Melipilla,3096624,2
Melipilla,3172077,2
Melipilla,5217334,2
Melipilla,5359510,2
Melipilla,8311921,2
Melipilla,2889934,1
Melipilla,3172086,1
Melipilla,5358935,1
Melipilla,5359395,1
Los Andes,2979474,4
Los Andes,1340503,1
Los Andes,2495414,2
Los Andes,5219173,2
Los Andes,5228080,2
Los Andes,5392252,2
Los Andes,1626096,1
Los Andes,2928390,1
Los Andes,3112364,1
Los Andes,9751099,1
Los Andes,2888380,5
Los Andes,4989904,4
Los Andes,3176787,1
Los Andes,5334218,1
Los Andes,7894250,1
Los Andes,2927069,3
Los Andes,2926679,2
Los Andes,2706241,1
Los Andes,3935079,1
Los Andes,5289762,1
Los Andes,7886346,1
Los Andes,8338793,1
Los Andes,9151957,1
Los Andes,2484396,2
Los Andes,3188875,2
Los Andes,1114246,1
Los Andes,2436940,1
Los Andes,2888439,1
Los Andes,2928783,1
Los Andes,3084719,2
Los Andes,3040983,1
Los Andes,3171954,3
Los Andes,5421116,1
Angol,1340503,2
Angol,2979474,1
Angol,3120060,1
Angol,5858758,2
Angol,2702792,1
Angol,2702793,1
Angol,4064467,1
Angol,2925895,2
Angol,4989904,2
Angol,2888380,1
Angol,2975667,1
Angol,2964025,2
Angol,2927189,1
Angol,3086240,1
Angol,6413649,1
Angol,5231190,2
Angol,2477581,1
Angol,2888443,1
Angol,5341112,1
Angol,8208358,1
Angol,2888995,2
Angol,3040983,1
Angol,3145214,1
Angol,5289684,1
Angol,8174785,1
Angol,2702740,1
Castro,1340503,7
Castro,1340383,4
Castro,2979474,4
Castro,2979000,3
Castro,5325855,1
Castro,5858758,6
Castro,2495414,4
Castro,5391480,3
Castro,3085440,1
Castro,3103791,1
Castro,5219173,1
Castro,5375388,1
Castro,7903057,1
Castro,5414995,5
Castro,3034922,4
Castro,2435035,2
Castro,2925892,1
Castro,3147168,1
Castro,2965201,2
Castro,2963807,1
Castro,5231190,12
Castro,2484396,2
Castro,2704179,1
Castro,2891664,1
Castro,5190769,1
Castro,5341183,1
Castro,7733140,1
Castro,8262702,1
Castro,3108983,2
Castro,2439261,1
Castro,2889011,1
Castro,2996929,1
Castro,5341297,1
Castro,5384848,1
Castro,1311649,3
Castro,2951984,3
Castro,5358748,3
Castro,5394163,2
Castro,3169708,1
Castro,3171954,1
Castro,3172062,1
Castro,8324121,1
Villarrica,1340503,9
Villarrica,2876213,3
Villarrica,1340383,2
Villarrica,2979474,2
Villarrica,2979000,1
Villarrica,3120060,1
Villarrica,2480830,6
Villarrica,2495414,4
Villarrica,5228080,3
Villarrica,2747939,1
Villarrica,3034807,1
Villarrica,3112801,1
Villarrica,5219173,1
Villarrica,5392252,1
Villarrica,4989904,9
Villarrica,2925892,4
Villarrica,3034742,3
Villarrica,2705308,1
Villarrica,2715482,1
Villarrica,2888380,1
Villarrica,2975667,1
Villarrica,3147168,1
Villarrica,3189152,1
Villarrica,3189525,3
Villarrica,8338793,3
Villarrica,2434333,1
Villarrica,2701311,1
Villarrica,2706026,1
Villarrica,2873896,1
Villarrica,3935079,1
Villarrica,5341501,1
Villarrica,5231190,5
Villarrica,7733140,2
Villarrica,2436940,1
Villarrica,2477581,1
Villarrica,3189767,1
Villarrica,5190769,1
Villarrica,5204019,1
Villarrica,3033339,4
Villarrica,5341297,3
Villarrica,2439261,1
Villarrica,3108983,1
Villarrica,5384848,1
Villarrica,7678610,1
Villarrica,8174785,1
Villarrica,8324121,4
Villarrica,3171949,2
Villarrica,3172086,2
Villarrica,5358748,2
Villarrica,2868827,1
Villarrica,3118274,1
Villarrica,3169708,1
Villarrica,3171954,1
Puerto Varas,1340503,12
Puerto Varas,2876213,7
Puerto Varas,2979000,5
Puerto Varas,1340383,4
Puerto Varas,3120060,4
Puerto Varas,2979474,3
Puerto Varas,3117424,3
Puerto Varas,3042845,2
Puerto Varas,8184903,2
Puerto Varas,2441022,1
Puerto Varas,2926110,1
Puerto Varas,5325855,1
Puerto Varas,5391802,1
Puerto Varas,2747939,13
Puerto Varas,2495414,10
Puerto Varas,5858758,9
Puerto Varas,8200663,5
Puerto Varas,3034807,4
Puerto Varas,3112801,3
Puerto Varas,9751099,3
Puerto Varas,2480830,2
Puerto Varas,5392252,2
Puerto Varas,3034871,1
Puerto Varas,3103791,1
Puerto Varas,4408321,1
Puerto Varas,5219173,1
Puerto Varas,5414995,9
Puerto Varas,4989904,7
Puerto Varas,3034922,6
Puerto Varas,2925892,4
Puerto Varas,2888380,2
Puerto Varas,3147168,2
Puerto Varas,5354656,2
Puerto Varas,2435035,1
Puerto Varas,2440886,1
Puerto Varas,3066386,1
Puerto Varas,5334218,1
Puerto Varas,5354707,1
Puerto Varas,3189525,10
Puerto Varas,2434333,3
Puerto Varas,2963807,3
Puerto Varas,3189486,2
Puerto Varas,2701311,1
Puerto Varas,2706164,1
Puerto Varas,2928576,1
Puerto Varas,3093702,1
Puerto Varas,5341501,1
Puerto Varas,5373358,1
Puerto Varas,7515045,1
Puerto Varas,7952072,1
Puerto Varas,8848598,1
Puerto Varas,5231190,34
Puerto Varas,8208358,5
Puerto Varas,2484396,2
Puerto Varas,7733140,2
Puerto Varas,2477581,1
Puerto Varas,2704179,1
Puerto Varas,2888443,1
Puerto Varas,5204019,1
Puerto Varas,9018536,1
Puerto Varas,3033339,7
Puerto Varas,5341297,6
Puerto Varas,5384848,2
Puerto Varas,2439261,1
Puerto Varas,2888951,1
Puerto Varas,2889011,1
Puerto Varas,2984366,1
Puerto Varas,2996929,1
Puerto Varas,3085360,1
Puerto Varas,5372639,1
Puerto Varas,7678610,1
Puerto Varas,2951984,9
Puerto Varas,8324121,8
Puerto Varas,3169708,4
Puerto Varas,1311649,2
Puerto Varas,3172086,2
Puerto Varas,5347796,2
Puerto Varas,5358748,2
Puerto Varas,2868827,1
Puerto Varas,5394163,1
Quillota,1340503,3
Quillota,5371743,2
Quillota,8971274,2
Quillota,2441022,1
Quillota,2926110,1
Quillota,3120060,1
Quillota,3974754,1
Quillota,5219173,5
Quillota,5228080,3
Quillota,5858758,3
Quillota,3034807,2
Quillota,3128091,2
Quillota,5392252,2
Quillota,2928390,1
Quillota,3083838,1
Quillota,5375388,1
Quillota,5376961,1
Quillota,7627205,1
Quillota,8149099,1
Quillota,2888380,9
Quillota,4989904,6
Quillota,2890212,1
Quillota,2913548,1
Quillota,3066386,1
Quillota,3068153,1
Quillota,5334218,1
Quillota,5531376,1
Quillota,7894250,1
Quillota,9297163,1
Quillota,2434333,3
Quillota,2926679,2
Quillota,5289762,2
Quillota,2965527,1
Quillota,2971016,1
Quillota,3152367,1
Quillota,3152378,1
Quillota,2891661,3
Quillota,2888439,2
Quillota,8427624,2
Quillota,2479407,1
Quillota,2928774,1
Quillota,2928783,1
Quillota,3189767,1
Quillota,5231190,1
Quillota,5289744,1
Quillota,5361801,1
Quillota,8208358,1
Quillota,3145214,3
Quillota,5380041,3
Quillota,2996929,1
Quillota,3033318,1
Quillota,3033374,1
Quillota,3040983,1
Quillota,7538163,1
Quillota,3172077,4
Quillota,3171954,3
Quillota,5331181,3
Quillota,5359378,3
Quillota,1311649,2
Quillota,5361815,2
Quillota,2868827,1
Quillota,3169708,1
Quillota,3172086,1
Quillota,5358748,1
Quillota,5384604,1
Quillota,5394163,1
